school,major,province,year,exam_type,min_score,min_rank
北京大学,物理学类,广东,2023,物理类,694,84
中国人民大学,数学类,广东,2023,物理类,670,1016
清华大学,数学类,广东,2023,物理类,693,92
清华大学,物理学类,广东,2023,物理类,694,79
北京交通大学,体育学类,广东,2023,物理类,623,13418
北京交通大学(中外合作办学),经济学类,广东,2023,物理类,614,17929
北京交通大学(中外合作办学),教育学类,广东,2023,物理类,614,17975
北京交通大学,新闻传播学类,广东,2023,物理类,635,8412
北京工业大学,哲学类,广东,2023,物理类,614,17633
北京航空航天大学,数学类,广东,2023,物理类,666,1394
北京航空航天大学(中外合作办学),体育学类,广东,2023,物理类,649,4191
北京理工大学,数学类,广东,2023,物理类,658,2454
北京理工大学(中外合作办学),体育学类,广东,2023,物理类,640,6760
北京理工大学(中外合作办学),法学类,广东,2023,物理类,627,11655
北京科技大学,哲学类,广东,2023,物理类,619,15364
北京科技大学,数学类,广东,2023,物理类,620,14606
北京科技大学,物理学类,广东,2023,物理类,619,15368
北京化工大学,数学类,广东,2023,物理类,609,20801
北京化工大学,物理学类,广东,2023,物理类,607,21905
北京化工大学(中外合作办学),法学类,广东,2023,物理类,592,33166
北京化工大学(中外合作办学),经济学类,广东,2023,物理类,591,33232
北京工商大学,哲学类,广东,2023,物理类,576,46348
北京工商大学,数学类,广东,2023,物理类,568,55020
北京工商大学,物理学类,广东,2023,物理类,554,70446
北京服装学院,数学类,广东,2023,物理类,538,89335
北京服装学院,物理学类,广东,2023,物理类,525,106396
北京邮电大学,哲学类,广东,2023,物理类,636,7885
北京邮电大学,体育学类,广东,2023,物理类,658,2512
北京印刷学院,数学类,广东,2023,物理类,540,86695
北京印刷学院,物理学类,广东,2023,物理类,532,96757
北京建筑大学,哲学类,广东,2023,物理类,584,39945
北京石油化工学院,哲学类,广东,2023,物理类,544,82144
北京石油化工学院,数学类,广东,2023,物理类,547,77636
北京石油化工学院,物理学类,广东,2023,物理类,542,84580
北京石油化工学院,体育学类,广东,2023,物理类,541,85062
中国农业大学,数学类,广东,2023,物理类,622,13920
中国农业大学,物理学类,广东,2023,物理类,630,10331
中国农业大学,体育学类,广东,2023,物理类,620,14997
中国农业大学(中外合作办学),经济学类,广东,2023,物理类,606,23026
北京林业大学,物理学类,广东,2023,物理类,581,41967
北京林业大学,体育学类,广东,2023,物理类,590,34609
北京林业大学,法学类,广东,2023,物理类,596,29833
北京林业大学(中外合作办学),管理学类,广东,2023,物理类,583,40388
北京林业大学(中外合作办学),教育学类,广东,2023,物理类,593,32414
北京中医药大学,数学类,广东,2023,物理类,592,33109
北京中医药大学,物理学类,广东,2023,物理类,594,31385
北京师范大学,数学类,广东,2023,物理类,651,3652
北京师范大学,物理学类,广东,2023,物理类,659,2303
首都师范大学,物理学类,广东,2023,物理类,605,23681
首都师范大学,体育学类,广东,2023,物理类,604,23757
首都体育学院,数学类,广东,2023,物理类,542,84371
北京外国语大学,法学类,广东,2023,物理类,618,15964
北京外国语大学,经济学类,广东,2023,物理类,621,14444
北京第二外国语学院,体育学类,广东,2023,物理类,585,38374
北京第二外国语学院,法学类,广东,2023,物理类,573,50072
北京语言大学,体育学类,广东,2023,物理类,594,31194
北京语言大学,法学类,广东,2023,物理类,597,28897
北京语言大学,经济学类,广东,2023,物理类,588,36483
中国传媒大学,物理学类,广东,2023,物理类,609,20620
中国传媒大学(中外合作办学),法学类,广东,2023,物理类,606,22603
中国传媒大学(中外合作办学),经济学类,广东,2023,物理类,592,32475
中央财经大学,物理学类,广东,2023,物理类,627,11370
中央财经大学(中外合作办学),体育学类,广东,2023,物理类,616,16917
对外经济贸易大学,数学类,广东,2023,物理类,623,13448
北京物资学院,数学类,广东,2023,物理类,550,74375
首都经济贸易大学,数学类,广东,2023,物理类,585,38418
中国人民公安大学,哲学类,广东,2023,物理类,620,14610
北京体育大学,数学类,广东,2023,物理类,590,34106
北京体育大学,物理学类,广东,2023,物理类,592,33102
北京体育大学,体育学类,广东,2023,物理类,600,26885
北京体育大学(中外合作办学),新闻传播学类,广东,2023,物理类,529,101188
北京体育大学,中国语言文学类,广东,2023,物理类,595,30305
北京体育大学,艺术设计类,广东,2023,物理类,586,37677
中央美术学院,数学类,广东,2023,物理类,621,14326
北京电影学院,数学类,广东,2023,物理类,613,18298
中央民族大学,物理学类,广东,2023,物理类,610,20183
中央民族大学,体育学类,广东,2023,物理类,608,21081
中央民族大学,法学类,广东,2023,物理类,611,19547
中央民族大学(中外合作办学),经济学类,广东,2023,物理类,605,23400
中国政法大学,法学类,广东,2023,物理类,629,10639
中国政法大学,经济学类,广东,2023,物理类,621,14271
中国政法大学,管理学类,广东,2023,物理类,623,13476
华北电力大学(北京),物理学类,广东,2023,物理类,612,18784
华北电力大学(北京),体育学类,广东,2023,物理类,607,22047
南开大学,数学类,广东,2023,物理类,651,3859
南开大学,物理学类,广东,2023,物理类,648,4415
天津大学,哲学类,广东,2023,物理类,638,7310
天津大学,数学类,广东,2023,物理类,639,6979
天津大学,物理学类,广东,2023,物理类,637,7609
天津科技大学,数学类,广东,2023,物理类,552,72093
天津科技大学,物理学类,广东,2023,物理类,546,78877
天津科技大学,体育学类,广东,2023,物理类,536,91751
天津科技大学(中外合作办学),管理学类,广东,2023,物理类,542,84412
天津科技大学(中外合作办学),教育学类,广东,2023,物理类,540,86813
天津科技大学(中外合作办学),新闻传播学类,广东,2023,物理类,551,73594
天津工业大学,哲学类,广东,2023,物理类,582,41545
天津工业大学,数学类,广东,2023,物理类,555,68968
天津工业大学(中外合作办学),法学类,广东,2023,物理类,578,45073
中国民航大学,体育学类,广东,2023,物理类,551,73217
中国民航大学,法学类,广东,2023,物理类,551,73524
天津理工大学,哲学类,广东,2023,物理类,537,90728
天津理工大学,数学类,广东,2023,物理类,545,80535
天津理工大学(中外合作办学),物理学类,广东,2023,物理类,547,78793
天津农学院,哲学类,广东,2023,物理类,501,139851
天津农学院,数学类,广东,2023,物理类,498,145128
天津农学院,物理学类,广东,2023,物理类,501,141234
天津中医药大学,物理学类,广东,2023,物理类,555,68732
天津中医药大学,体育学类,广东,2023,物理类,572,51070
天津中医药大学,法学类,广东,2023,物理类,554,69656
天津中医药大学,经济学类,广东,2023,物理类,550,75209
天津师范大学,数学类,广东,2023,物理类,498,144595
天津师范大学,物理学类,广东,2023,物理类,586,38015
天津师范大学,体育学类,广东,2023,物理类,575,48284
天津师范大学,法学类,广东,2023,物理类,588,36226
天津职业技术师范大学,哲学类,广东,2023,物理类,505,134326
天津外国语大学,体育学类,广东,2023,物理类,535,93732
天津外国语大学,法学类,广东,2023,物理类,548,77578
天津外国语大学,经济学类,广东,2023,物理类,547,78684
天津商业大学,物理学类,广东,2023,物理类,506,133268
天津商业大学(中外合作办学),法学类,广东,2023,物理类,532,97055
天津财经大学,数学类,广东,2023,物理类,555,68592
天津财经大学(中外合作办学),法学类,广东,2023,物理类,556,67882
天津体育学院,数学类,广东,2023,物理类,501,140484
河北工程大学,哲学类,广东,2023,物理类,524,108072
河北地质大学,数学类,广东,2023,物理类,512,124772
华北水利水电大学,哲学类,广东,2023,物理类,551,72992
华北水利水电大学,数学类,广东,2023,物理类,549,76282
华北水利水电大学(中外合作办学),物理学类,广东,2023,物理类,527,104159
华北电力大学(保定),物理学类,广东,2023,物理类,595,30724
华北电力大学(保定),体育学类,广东,2023,物理类,591,33433
河北工业大学,哲学类,广东,2023,物理类,602,25646
华北理工大学,体育学类,广东,2023,物理类,537,90211
华北理工大学,法学类,广东,2023,物理类,541,85588
华北理工大学,建筑类,广东,2023,物理类,529,100697
华北理工大学,外国语言文学类,广东,2023,物理类,527,104387
河北医科大学,数学类,广东,2023,物理类,528,102023
河北医科大学,物理学类,广东,2023,物理类,521,112696
河北医科大学,体育学类,广东,2023,物理类,540,86999
河北医科大学,法学类,广东,2023,物理类,586,37589
河北北方学院,哲学类,广东,2023,物理类,544,81897
河北北方学院,数学类,广东,2023,物理类,504,135452
承德医学院,哲学类,广东,2023,物理类,560,63463
河北师范大学,物理学类,广东,2023,物理类,560,63578
河北师范大学,体育学类,广东,2023,物理类,560,63167
河北师范大学,法学类,广东,2023,物理类,542,83748
衡水学院,数学类,广东,2023,物理类,496,147808
衡水学院,物理学类,广东,2023,物理类,505,134093
衡水学院(中外合作办学),法学类,广东,2023,物理类,488,159410
邯郸学院,数学类,广东,2023,物理类,501,140430
邢台学院,数学类,广东,2023,物理类,494,151318
沧州师范学院,物理学类,广东,2023,物理类,502,138441
沧州师范学院,体育学类,广东,2023,物理类,495,150066
石家庄铁道大学,数学类,广东,2023,物理类,538,88818
石家庄铁道大学,物理学类,广东,2023,物理类,546,79886
石家庄铁道大学,体育学类,广东,2023,物理类,530,100435
石家庄铁道大学,法学类,广东,2023,物理类,561,62267
山西大学,体育学类,广东,2023,物理类,566,57084
山西大学,管理学类,广东,2023,物理类,563,59920
太原科技大学,哲学类,广东,2023,物理类,530,99320
太原科技大学,数学类,广东,2023,物理类,520,113198
中北大学,物理学类,广东,2023,物理类,544,81649
中北大学,体育学类,广东,2023,物理类,523,108703
中北大学,教育学类,广东,2023,物理类,536,92518
中北大学,新闻传播学类,广东,2023,物理类,529,101423
中北大学,建筑类,广东,2023,物理类,532,97545
太原理工大学,哲学类,广东,2023,物理类,590,34756
太原理工大学,数学类,广东,2023,物理类,589,35222
山西农业大学,物理学类,广东,2023,物理类,525,107135
山西农业大学,体育学类,广东,2023,物理类,502,139655
山西农业大学,法学类,广东,2023,物理类,523,108892
山西农业大学,经济学类,广东,2023,物理类,496,147199
山西农业大学,管理学类,广东,2023,物理类,509,129491
山西医科大学,哲学类,广东,2023,物理类,535,93747
山西医科大学,数学类,广东,2023,物理类,515,121114
山西医科大学,物理学类,广东,2023,物理类,547,78410
长治医学院,哲学类,广东,2023,物理类,512,125071
长治医学院,数学类,广东,2023,物理类,533,95586
长治医学院,物理学类,广东,2023,物理类,548,77073
山西师范大学,体育学类,广东,2023,物理类,534,93957
山西师范大学,法学类,广东,2023,物理类,516,118976
山西师范大学,经济学类,广东,2023,物理类,559,64083
山西师范大学,管理学类,广东,2023,物理类,542,83886
山西师范大学,新闻传播学类,广东,2023,物理类,520,112927
山西师范大学,建筑类,广东,2023,物理类,523,109790
山西师范大学,外国语言文学类,广东,2023,物理类,498,144295
山西大同大学,数学类,广东,2023,物理类,542,84633
忻州师范学院,哲学类,广东,2023,物理类,495,149088
忻州师范学院,数学类,广东,2023,物理类,496,147085
山西财经大学,数学类,广东,2023,物理类,532,97230
内蒙古大学,管理学类,广东,2023,物理类,568,54479
内蒙古大学,教育学类,广东,2023,物理类,572,50941
内蒙古大学,新闻传播学类,广东,2023,物理类,548,76607
内蒙古大学,建筑类,广东,2023,物理类,563,59792
内蒙古大学,外国语言文学类,广东,2023,物理类,578,45322
内蒙古大学,中国语言文学类,广东,2023,物理类,554,70332
内蒙古大学,艺术设计类,广东,2023,物理类,555,68478
内蒙古大学,生物科学类,广东,2023,物理类,556,67372
内蒙古大学,化学类,广东,2023,物理类,556,68099
内蒙古科技大学,数学类,广东,2023,物理类,492,153974
内蒙古科技大学,物理学类,广东,2023,物理类,492,154503
内蒙古工业大学,哲学类,广东,2023,物理类,520,113513
内蒙古工业大学,数学类,广东,2023,物理类,491,154757
内蒙古工业大学,物理学类,广东,2023,物理类,502,139068
内蒙古农业大学,数学类,广东,2023,物理类,501,141141
内蒙古农业大学,物理学类,广东,2023,物理类,499,143074
内蒙古农业大学,体育学类,广东,2023,物理类,493,152959
内蒙古医科大学,哲学类,广东,2023,物理类,526,104692
内蒙古师范大学,数学类,广东,2023,物理类,529,101408
内蒙古师范大学,物理学类,广东,2023,物理类,512,125042
内蒙古民族大学,物理学类,广东,2023,物理类,503,136923
内蒙古民族大学,体育学类,广东,2023,物理类,530,100536
内蒙古民族大学,法学类,广东,2023,物理类,494,150810
内蒙古民族大学,经济学类,广东,2023,物理类,493,153036
内蒙古民族大学,管理学类,广东,2023,物理类,491,155904
辽宁大学,物理学类,广东,2023,物理类,595,30567
辽宁大学(中外合作办学),法学类,广东,2023,物理类,563,59565
辽宁大学(中外合作办学),艺术设计类,广东,2023,物理类,542,84886
辽宁大学(中外合作办学),生物科学类,广东,2023,物理类,560,62872
大连理工大学,哲学类,广东,2023,物理类,628,10921
大连理工大学,数学类,广东,2023,物理类,618,15664
大连理工大学,物理学类,广东,2023,物理类,619,15438
大连理工大学(中外合作办学),体育学类,广东,2023,物理类,616,16929
沈阳工业大学,数学类,广东,2023,物理类,523,108867
沈阳航空航天大学,哲学类,广东,2023,物理类,546,79647
沈阳航空航天大学,数学类,广东,2023,物理类,591,33395
沈阳理工大学,哲学类,广东,2023,物理类,531,97894
沈阳理工大学,数学类,广东,2023,物理类,528,103096
东北大学,哲学类,广东,2023,物理类,617,16483
东北大学,数学类,广东,2023,物理类,615,17133
东北大学,物理学类,广东,2023,物理类,616,16935
东北大学(中外合作办学),体育学类,广东,2023,物理类,593,31730
东北大学(中外合作办学),法学类,广东,2023,物理类,595,30836
东北大学,经济学类,广东,2023,物理类,615,17069
辽宁科技大学,哲学类,广东,2023,物理类,517,117795
辽宁科技大学(中外合作办学),数学类,广东,2023,物理类,490,156747
辽宁工程技术大学,数学类,广东,2023,物理类,526,105305
辽宁石油化工大学,哲学类,广东,2023,物理类,513,123356
辽宁石油化工大学,数学类,广东,2023,物理类,531,98614
辽宁石油化工大学,物理学类,广东,2023,物理类,535,92642
辽宁石油化工大学(中外合作办学),体育学类,广东,2023,物理类,511,126433
辽宁石油化工大学(中外合作办学),法学类,广东,2023,物理类,504,136177
沈阳化工大学,哲学类,广东,2023,物理类,528,102763
沈阳化工大学,数学类,广东,2023,物理类,514,121701
沈阳化工大学,体育学类,广东,2023,物理类,515,119855
沈阳化工大学,法学类,广东,2023,物理类,518,116854
大连交通大学,数学类,广东,2023,物理类,532,97757
大连交通大学,物理学类,广东,2023,物理类,520,112930
大连交通大学,体育学类,广东,2023,物理类,541,85788
大连交通大学,法学类,广东,2023,物理类,543,83026
大连交通大学(中外合作办学),管理学类,广东,2023,物理类,516,119594
大连交通大学,教育学类,广东,2023,物理类,538,88843
大连交通大学(中外合作办学),新闻传播学类,广东,2023,物理类,532,97214
大连海事大学,物理学类,广东,2023,物理类,590,34759
大连海事大学,体育学类,广东,2023,物理类,590,34177
大连海事大学(中外合作办学),法学类,广东,2023,物理类,574,49120
大连工业大学,数学类,广东,2023,物理类,537,90799
大连工业大学,物理学类,广东,2023,物理类,519,115154
大连工业大学,经济学类,广东,2023,物理类,514,121340
大连工业大学(中外合作办学),管理学类,广东,2023,物理类,529,101450
大连工业大学,教育学类,广东,2023,物理类,538,89445
大连工业大学,新闻传播学类,广东,2023,物理类,519,115053
大连工业大学,建筑类,广东,2023,物理类,525,106801
沈阳建筑大学,哲学类,广东,2023,物理类,485,164909
沈阳建筑大学,数学类,广东,2023,物理类,554,69976
沈阳建筑大学(中外合作办学),物理学类,广东,2023,物理类,508,130649
大连海洋大学,数学类,广东,2023,物理类,504,136446
大连海洋大学,物理学类,广东,2023,物理类,517,117224
大连海洋大学,体育学类,广东,2023,物理类,504,136497
中国医科大学,哲学类,广东,2023,物理类,590,34691
中国医科大学(中外合作办学),数学类,广东,2023,物理类,562,61167
锦州医科大学,哲学类,广东,2023,物理类,526,104885
锦州医科大学,数学类,广东,2023,物理类,509,128321
锦州医科大学(中外合作办学),体育学类,广东,2023,物理类,497,145874
大连医科大学,哲学类,广东,2023,物理类,594,30956
辽宁中医药大学,数学类,广东,2023,物理类,508,129881
辽宁中医药大学,物理学类,广东,2023,物理类,555,68301
辽宁中医药大学,法学类,广东,2023,物理类,545,80305
辽宁中医药大学,经济学类,广东,2023,物理类,551,73338
沈阳药科大学,体育学类,广东,2023,物理类,548,77438
沈阳药科大学,法学类,广东,2023,物理类,535,93425
沈阳药科大学,经济学类,广东,2023,物理类,550,74872
沈阳医学院,哲学类,广东,2023,物理类,555,68401
辽宁师范大学(中外合作办学),体育学类,广东,2023,物理类,517,117695
渤海大学,数学类,广东,2023,物理类,536,91592
鞍山师范学院,数学类,广东,2023,物理类,495,149480
大连外国语大学,物理学类,广东,2023,物理类,566,57049
大连外国语大学,体育学类,广东,2023,物理类,527,103495
大连外国语大学,法学类,广东,2023,物理类,552,72820
东北财经大学,物理学类,广东,2023,物理类,564,58878
东北财经大学,体育学类,广东,2023,物理类,560,63031
东北财经大学(中外合作办学),经济学类,广东,2023,物理类,565,58090
东北财经大学(中外合作办学),教育学类,广东,2023,物理类,570,52952
吉林大学,法学类,广东,2023,物理类,607,21994
吉林大学,经济学类,广东,2023,物理类,621,14242
吉林大学,管理学类,广东,2023,物理类,625,12523
吉林大学,教育学类,广东,2023,物理类,617,16507
吉林大学,新闻传播学类,广东,2023,物理类,634,8737
吉林大学,建筑类,广东,2023,物理类,610,20450
吉林大学,生物科学类,广东,2023,物理类,609,20898
吉林大学,化学类,广东,2023,物理类,611,19814
吉林大学,材料类,广东,2023,物理类,615,17477
吉林大学,计算机类,广东,2023,物理类,617,16115
吉林大学,历史学类,广东,2023,物理类,630,10115
吉林大学,地理科学类,广东,2023,物理类,627,11745
吉林大学,农林科学类,广东,2023,物理类,611,19338
吉林大学,林业工程类,广东,2023,物理类,604,24213
吉林大学,环境科学与工程类,广东,2023,物理类,613,18557
吉林大学,药学类,广东,2023,物理类,609,20775
吉林大学,临床医学类,广东,2023,物理类,616,16598
吉林大学,口腔医学类,广东,2023,物理类,615,17249
延边大学,数学类,广东,2023,物理类,569,53607
延边大学,物理学类,广东,2023,物理类,579,44140
长春理工大学,物理学类,广东,2023,物理类,523,108919
长春理工大学,体育学类,广东,2023,物理类,531,98026
长春理工大学,法学类,广东,2023,物理类,527,103368
长春理工大学,经济学类,广东,2023,物理类,525,106614
长春理工大学(中外合作办学),管理学类,广东,2023,物理类,523,109967
长春理工大学(中外合作办学),教育学类,广东,2023,物理类,549,75795
东北电力大学,数学类,广东,2023,物理类,547,77949
东北电力大学,物理学类,广东,2023,物理类,547,77663
东北电力大学(中外合作办学),体育学类,广东,2023,物理类,583,40786
长春工业大学,哲学类,广东,2023,物理类,502,138551
长春工业大学,数学类,广东,2023,物理类,508,129630
长春工业大学,物理学类,广东,2023,物理类,505,134336
长春工业大学,体育学类,广东,2023,物理类,509,128430
吉林建筑大学,哲学类,广东,2023,物理类,504,135495
吉林建筑大学,数学类,广东,2023,物理类,491,154606
吉林建筑大学(中外合作办学),物理学类,广东,2023,物理类,508,130415
吉林农业大学,哲学类,广东,2023,物理类,505,134804
吉林农业大学,数学类,广东,2023,物理类,509,128780
吉林农业大学,物理学类,广东,2023,物理类,503,138174
长春中医药大学,哲学类,广东,2023,物理类,536,92577
长春中医药大学,数学类,广东,2023,物理类,539,87566
东北师范大学,体育学类,广东,2023,物理类,601,26223
东北师范大学,法学类,广东,2023,物理类,611,19618
东北师范大学,经济学类,广东,2023,物理类,583,40226
东北师范大学,外国语言文学类,广东,2023,物理类,611,19438
北华大学,物理学类,广东,2023,物理类,503,137411
北华大学,体育学类,广东,2023,物理类,507,131075
北华大学,法学类,广东,2023,物理类,507,131225
吉林师范大学,体育学类,广东,2023,物理类,470,186809
长春师范大学,物理学类,广东,2023,物理类,518,116334
长春师范大学,体育学类,广东,2023,物理类,529,100685
长春师范大学,法学类,广东,2023,物理类,522,111342
长春师范大学,经济学类,广东,2023,物理类,522,110004
白城师范学院,哲学类,广东,2023,物理类,498,144538
吉林财经大学,数学类,广东,2023,物理类,522,111244
吉林财经大学(中外合作办学),体育学类,广东,2023,物理类,509,129138
黑龙江大学,数学类,广东,2023,物理类,515,119751
黑龙江大学,物理学类,广东,2023,物理类,512,124823
黑龙江大学,体育学类,广东,2023,物理类,522,110299
黑龙江大学,经济学类,广东,2023,物理类,504,135370
哈尔滨工业大学,哲学类,广东,2023,物理类,657,2665
哈尔滨工业大学(中外合作办学),物理学类,广东,2023,物理类,621,14345
哈尔滨工业大学(中外合作办学),管理学类,广东,2023,物理类,624,12921
哈尔滨理工大学,物理学类,广东,2023,物理类,527,103852
哈尔滨理工大学,体育学类,广东,2023,物理类,522,110028
哈尔滨理工大学,法学类,广东,2023,物理类,528,102700
燕山大学,物理学类,广东,2023,物理类,564,58421
燕山大学,体育学类,广东,2023,物理类,556,67515
哈尔滨工程大学,物理学类,广东,2023,物理类,614,18032
哈尔滨工程大学(中外合作办学),体育学类,广东,2023,物理类,579,43727
哈尔滨工程大学(中外合作办学),法学类,广东,2023,物理类,601,26084
黑龙江科技大学,体育学类,广东,2023,物理类,504,136443
东北石油大学,物理学类,广东,2023,物理类,525,107091
东北石油大学,体育学类,广东,2023,物理类,524,107640
东北石油大学,法学类,广东,2023,物理类,528,102492
佳木斯大学,物理学类,广东,2023,物理类,498,145408
佳木斯大学,体育学类,广东,2023,物理类,551,73475
佳木斯大学,法学类,广东,2023,物理类,491,154895
东北农业大学,数学类,广东,2023,物理类,548,77508
东北农业大学,物理学类,广东,2023,物理类,547,78560
东北农业大学,体育学类,广东,2023,物理类,562,61477
东北农业大学(联合培养),法学类,广东,2023,物理类,555,69336
东北农业大学,经济学类,广东,2023,物理类,566,56958
东北农业大学,管理学类,广东,2023,物理类,567,56308
东北农业大学,教育学类,广东,2023,物理类,563,59559
东北林业大学,数学类,广东,2023,物理类,577,46127
东北林业大学,物理学类,广东,2023,物理类,571,52204
东北林业大学(中外合作办学),体育学类,广东,2023,物理类,565,57780
哈尔滨医科大学,数学类,广东,2023,物理类,532,97668
哈尔滨医科大学,物理学类,广东,2023,物理类,591,33731
哈尔滨医科大学,体育学类,广东,2023,物理类,539,87785
哈尔滨医科大学,法学类,广东,2023,物理类,546,79867
黑龙江中医药大学,哲学类,广东,2023,物理类,536,91748
黑龙江中医药大学,数学类,广东,2023,物理类,521,112519
黑龙江中医药大学,物理学类,广东,2023,物理类,518,115735
黑龙江中医药大学,体育学类,广东,2023,物理类,506,133422
牡丹江医学院,哲学类,广东,2023,物理类,503,137596
牡丹江医学院,数学类,广东,2023,物理类,539,87545
哈尔滨师范大学,体育学类,广东,2023,物理类,537,90729
哈尔滨师范大学,法学类,广东,2023,物理类,521,111630
哈尔滨师范大学,经济学类,广东,2023,物理类,546,78926
哈尔滨师范大学,管理学类,广东,2023,物理类,512,124537
齐齐哈尔大学,物理学类,广东,2023,物理类,495,149060
齐齐哈尔大学,体育学类,广东,2023,物理类,498,144490
齐齐哈尔大学,法学类,广东,2023,物理类,491,154575
牡丹江师范学院,体育学类,广东,2023,物理类,492,153395
牡丹江师范学院,法学类,广东,2023,物理类,492,154242
哈尔滨学院,数学类,广东,2023,物理类,497,145815
哈尔滨学院,物理学类,广东,2023,物理类,507,132498
哈尔滨商业大学,数学类,广东,2023,物理类,492,154502
哈尔滨商业大学,物理学类,广东,2023,物理类,495,149368
哈尔滨商业大学,体育学类,广东,2023,物理类,502,139083
哈尔滨商业大学,法学类,广东,2023,物理类,493,152825
哈尔滨体育学院,数学类,广东,2023,物理类,492,153773
复旦大学,物理学类,广东,2023,物理类,691,114
复旦大学,体育学类,广东,2023,物理类,682,356
复旦大学,法学类,广东,2023,物理类,680,412
同济大学,物理学类,广东,2023,物理类,654,3164
同济大学,体育学类,广东,2023,物理类,651,3752
同济大学,法学类,广东,2023,物理类,652,3538
同济大学(中外合作办学),管理学类,广东,2023,物理类,650,3883
上海交通大学,数学类,广东,2023,物理类,692,110
上海交通大学,物理学类,广东,2023,物理类,683,322
上海交通大学,体育学类,广东,2023,物理类,671,922
华东理工大学,数学类,广东,2023,物理类,617,16029
华东理工大学,物理学类,广东,2023,物理类,618,15901
华东理工大学,体育学类,广东,2023,物理类,616,16776
华东理工大学(中外合作办学),法学类,广东,2023,物理类,604,24406
上海理工大学,哲学类,广东,2023,物理类,593,31789
上海理工大学(中外合作办学),数学类,广东,2023,物理类,586,38222
上海海事大学,数学类,广东,2023,物理类,558,65594
上海海事大学,物理学类,广东,2023,物理类,572,50787
东华大学,体育学类,广东,2023,物理类,610,19929
东华大学,法学类,广东,2023,物理类,602,25657
上海电力大学,哲学类,广东,2023,物理类,606,22455
上海电力大学(中外合作办学),数学类,广东,2023,物理类,607,21741
上海应用技术大学,哲学类,广东,2023,物理类,562,61180
上海应用技术大学,数学类,广东,2023,物理类,560,62816
上海健康医学院,哲学类,广东,2023,物理类,523,109204
上海健康医学院,数学类,广东,2023,物理类,505,135101
上海海洋大学,数学类,广东,2023,物理类,572,50950
上海海洋大学(中外合作办学),体育学类,广东,2023,物理类,557,66539
华东师范大学,物理学类,广东,2023,物理类,639,7101
华东师范大学,体育学类,广东,2023,物理类,646,4953
华东师范大学,法学类,广东,2023,物理类,645,5154
华东师范大学,经济学类,广东,2023,物理类,649,4140
上海师范大学(中外合作办学),经济学类,广东,2023,物理类,552,72328
上海外国语大学,经济学类,广东,2023,物理类,614,17981
上海外国语大学(中外合作办学),管理学类,广东,2023,物理类,614,18098
上海财经大学,数学类,广东,2023,物理类,637,7755
上海海关学院,物理学类,广东,2023,物理类,577,45666
上海海关学院,体育学类,广东,2023,物理类,575,47387
华东政法大学,数学类,广东,2023,物理类,618,15710
上海体育大学,物理学类,广东,2023,物理类,552,72157
上海大学(中外合作办学),数学类,广东,2023,物理类,611,19414
南京大学,数学类,广东,2023,物理类,674,748
南京大学,物理学类,广东,2023,物理类,676,633
南京大学(中外合作办学),体育学类,广东,2023,物理类,652,3602
苏州大学,物理学类,广东,2023,物理类,616,16868
苏州大学,体育学类,广东,2023,物理类,609,20874
苏州大学,法学类,广东,2023,物理类,610,20324
苏州大学,经济学类,广东,2023,物理类,612,19080
苏州大学,管理学类,广东,2023,物理类,600,26994
苏州大学,中国语言文学类,广东,2023,物理类,613,18541
苏州大学,艺术设计类,广东,2023,物理类,619,15229
东南大学,数学类,广东,2023,物理类,649,4331
东南大学,物理学类,广东,2023,物理类,648,4390
南京航空航天大学,哲学类,广东,2023,物理类,622,13762
南京航空航天大学(中外合作办学),数学类,广东,2023,物理类,618,15808
南京理工大学,哲学类,广东,2023,物理类,619,15409
南京理工大学,数学类,广东,2023,物理类,614,17700
江苏科技大学,物理学类,广东,2023,物理类,553,71160
江苏科技大学,体育学类,广东,2023,物理类,554,69993
江苏科技大学,法学类,广东,2023,物理类,550,74705
中国矿业大学,数学类,广东,2023,物理类,600,26523
中国矿业大学,物理学类,广东,2023,物理类,600,26943
中国矿业大学(中外合作办学),法学类,广东,2023,物理类,576,46885
中国矿业大学(中外合作办学),经济学类,广东,2023,物理类,582,41360
南京工业大学,数学类,广东,2023,物理类,579,44327
南京工业大学,物理学类,广东,2023,物理类,587,37404
南京工业大学,体育学类,广东,2023,物理类,580,43494
南京工业大学(中外合作办学),法学类,广东,2023,物理类,577,46208
常州大学,数学类,广东,2023,物理类,542,83914
常州大学,物理学类,广东,2023,物理类,541,85234
常州大学,体育学类,广东,2023,物理类,532,97599
常州大学(中外合作办学),法学类,广东,2023,物理类,536,92227
常州大学,经济学类,广东,2023,物理类,535,93659
常州大学,管理学类,广东,2023,物理类,538,89343
南京邮电大学,哲学类,广东,2023,物理类,607,21864
河海大学,体育学类,广东,2023,物理类,603,24951
河海大学,法学类,广东,2023,物理类,606,22980
河海大学,经济学类,广东,2023,物理类,595,30166
河海大学(中外合作办学),管理学类,广东,2023,物理类,585,38415
河海大学(中外合作办学),教育学类,广东,2023,物理类,580,42907
江南大学,物理学类,广东,2023,物理类,614,17935
江南大学,体育学类,广东,2023,物理类,593,32124
江南大学(中外合作办学),法学类,广东,2023,物理类,590,34751
南京林业大学,物理学类,广东,2023,物理类,568,54765
南京林业大学,体育学类,广东,2023,物理类,567,55403
南京林业大学,法学类,广东,2023,物理类,554,69531
江苏大学,数学类,广东,2023,物理类,575,47907
江苏大学,物理学类,广东,2023,物理类,569,53658
江苏大学,体育学类,广东,2023,物理类,571,51427
南京信息工程大学,物理学类,广东,2023,物理类,590,34669
南京信息工程大学(中外合作办学),法学类,广东,2023,物理类,572,50267
南通大学,数学类,广东,2023,物理类,558,65249
南通大学,体育学类,广东,2023,物理类,531,97942
南通大学,中国语言文学类,广东,2023,物理类,539,87841
南通大学,艺术设计类,广东,2023,物理类,553,71440
南通大学,生物科学类,广东,2023,物理类,543,83064
盐城工学院,哲学类,广东,2023,物理类,518,115604
南京农业大学,数学类,广东,2023,物理类,588,35892
南京农业大学,物理学类,广东,2023,物理类,588,36384
南京医科大学,数学类,广东,2023,物理类,583,40231
南京医科大学,物理学类,广东,2023,物理类,642,6044
南京医科大学,体育学类,广东,2023,物理类,588,36530
南京中医药大学,数学类,广东,2023,物理类,572,50245
中国药科大学,物理学类,广东,2023,物理类,612,19246
中国药科大学,体育学类,广东,2023,物理类,615,17329
中国药科大学(中外合作办学),法学类,广东,2023,物理类,606,22665
南京师范大学,数学类,广东,2023,物理类,596,29477
南京师范大学,物理学类,广东,2023,物理类,613,18607
盐城师范学院,数学类,广东,2023,物理类,500,142456
盐城师范学院,物理学类,广东,2023,物理类,501,139913
南京财经大学,物理学类,广东,2023,物理类,553,70755
南京财经大学(中外合作办学),法学类,广东,2023,物理类,562,60686
南京体育学院,哲学类,广东,2023,物理类,507,132085
苏州科技大学,体育学类,广东,2023,物理类,550,74387
苏州科技大学,法学类,广东,2023,物理类,553,71709
苏州科技大学(中外合作办学),管理学类,广东,2023,物理类,547,77964
常熟理工学院,哲学类,广东,2023,物理类,523,108681
浙江大学,数学类,广东,2023,物理类,680,441
浙江大学,物理学类,广东,2023,物理类,681,383
浙江大学,体育学类,广东,2023,物理类,650,3980
杭州电子科技大学,数学类,广东,2023,物理类,588,36079
杭州电子科技大学(中外合作办学),物理学类,广东,2023,物理类,597,28791
浙江工业大学,哲学类,广东,2023,物理类,586,37725
浙江工业大学,数学类,广东,2023,物理类,577,46075
浙江工业大学,物理学类,广东,2023,物理类,561,62212
浙江工业大学(中外合作办学),体育学类,广东,2023,物理类,570,53241
浙江工业大学,法学类,广东,2023,物理类,571,52275
浙江工业大学,经济学类,广东,2023,物理类,569,53328
浙江理工大学,数学类,广东,2023,物理类,559,64186
浙江理工大学,物理学类,广东,2023,物理类,565,57660
浙江理工大学,体育学类,广东,2023,物理类,547,78840
浙江理工大学,管理学类,广东,2023,物理类,553,71699
浙江海洋大学,哲学类,广东,2023,物理类,546,79553
浙江海洋大学,数学类,广东,2023,物理类,541,85816
浙江海洋大学,物理学类,广东,2023,物理类,533,95739
浙江海洋大学(中外合作办学),体育学类,广东,2023,物理类,531,99138
浙江海洋大学,法学类,广东,2023,物理类,538,89698
浙江农林大学,数学类,广东,2023,物理类,541,85866
浙江农林大学,物理学类,广东,2023,物理类,544,82262
浙江农林大学,体育学类,广东,2023,物理类,496,147053
浙江农林大学(中外合作办学),经济学类,广东,2023,物理类,543,83654
温州医科大学,哲学类,广东,2023,物理类,587,37322
浙江中医药大学,体育学类,广东,2023,物理类,554,70450
浙江中医药大学,法学类,广东,2023,物理类,571,52104
浙江中医药大学,经济学类,广东,2023,物理类,541,86190
浙江师范大学,物理学类,广东,2023,物理类,575,48232
浙江师范大学,体育学类,广东,2023,物理类,570,52327
浙江师范大学,法学类,广东,2023,物理类,556,67770
浙江师范大学(中外合作办学),艺术设计类,广东,2023,物理类,561,62464
浙江师范大学,林业工程类,广东,2023,物理类,564,59306
浙江师范大学,环境科学与工程类,广东,2023,物理类,558,65694
浙江师范大学,食品科学与工程类,广东,2023,物理类,594,31353
浙江师范大学(中外合作办学),药学类,广东,2023,物理类,556,68130
杭州师范大学,哲学类,广东,2023,物理类,571,52206
杭州师范大学,数学类,广东,2023,物理类,532,97184
杭州师范大学(中外合作办学),经济学类,广东,2023,物理类,538,89596
杭州师范大学(中外合作办学),管理学类,广东,2023,物理类,541,85107
杭州师范大学(中外合作办学),教育学类,广东,2023,物理类,536,92296
湖州师范学院,数学类,广东,2023,物理类,532,97633
湖州师范学院,体育学类,广东,2023,物理类,511,126593
温州大学,数学类,广东,2023,物理类,536,91621
温州大学(中外合作办学),物理学类,广东,2023,物理类,534,94998
丽水学院,哲学类,广东,2023,物理类,505,134786
丽水学院,数学类,广东,2023,物理类,552,72602
丽水学院,物理学类,广东,2023,物理类,501,141135
浙江工商大学,体育学类,广东,2023,物理类,543,83506
浙江工商大学,法学类,广东,2023,物理类,548,77613
浙江工商大学,经济学类,广东,2023,物理类,452,215849
嘉兴学院,哲学类,广东,2023,物理类,543,83500
嘉兴学院,数学类,广东,2023,物理类,536,92169
中国美术学院,数学类,广东,2023,物理类,598,28341
中国计量大学,数学类,广东,2023,物理类,566,56988
中国计量大学,物理学类,广东,2023,物理类,561,61947
中国计量大学,体育学类,广东,2023,物理类,563,59592
中国计量大学,法学类,广东,2023,物理类,577,45438
安徽大学,数学类,广东,2023,物理类,596,29557
安徽大学(中外合作办学),物理学类,广东,2023,物理类,587,36807
中国科学技术大学,哲学类,广东,2023,物理类,675,668
中国科学技术大学,数学类,广东,2023,物理类,675,705
合肥工业大学,体育学类,广东,2023,物理类,609,20571
合肥工业大学,法学类,广东,2023,物理类,605,23528
合肥工业大学(中外合作办学),经济学类,广东,2023,物理类,573,49349
安徽工业大学,数学类,广东,2023,物理类,543,82901
安徽工业大学,物理学类,广东,2023,物理类,535,93126
安徽工业大学,体育学类,广东,2023,物理类,506,133603
安徽理工大学,哲学类,广东,2023,物理类,535,93142
安徽理工大学,数学类,广东,2023,物理类,529,101686
安徽理工大学(中外合作办学),物理学类,广东,2023,物理类,531,98039
安徽工程大学,数学类,广东,2023,物理类,504,135584
安徽工程大学(中外合作办学),物理学类,广东,2023,物理类,532,96645
安徽农业大学,物理学类,广东,2023,物理类,509,129531
安徽农业大学,体育学类,广东,2023,物理类,527,104018
安徽农业大学,法学类,广东,2023,物理类,540,86692
安徽医科大学,哲学类,广东,2023,物理类,575,47561
安徽中医药大学,物理学类,广东,2023,物理类,519,115365
安徽中医药大学,体育学类,广东,2023,物理类,560,63680
安徽中医药大学,法学类,广东,2023,物理类,523,108765
安徽师范大学,数学类,广东,2023,物理类,550,75144
安徽师范大学,物理学类,广东,2023,物理类,549,75537
安徽师范大学,体育学类,广东,2023,物理类,566,56539
安庆师范大学,数学类,广东,2023,物理类,522,110805
淮北师范大学,法学类,广东,2023,物理类,519,114950
淮北师范大学,经济学类,广东,2023,物理类,523,109630
淮北师范大学,管理学类,广东,2023,物理类,524,107510
安徽财经大学,数学类,广东,2023,物理类,536,91445
安徽财经大学(中外合作办学),物理学类,广东,2023,物理类,535,93420
安徽财经大学,法学类,广东,2023,物理类,536,92589
铜陵学院,哲学类,广东,2023,物理类,496,148202
厦门大学,物理学类,广东,2023,物理类,629,10548
厦门大学,体育学类,广东,2023,物理类,636,7973
厦门大学,法学类,广东,2023,物理类,635,8476
厦门大学,经济学类,广东,2023,物理类,635,8436
厦门大学(马来西亚分校),中国语言文学类,广东,2023,物理类,603,24637
厦门大学(马来西亚分校),艺术设计类,广东,2023,物理类,600,26816
厦门大学(马来西亚分校),生物科学类,广东,2023,物理类,601,26322
华侨大学,法学类,广东,2023,物理类,557,66092
华侨大学,经济学类,广东,2023,物理类,550,74662
华侨大学,管理学类,广东,2023,物理类,557,66613
福州大学,数学类,广东,2023,物理类,600,26584
福州大学,物理学类,广东,2023,物理类,596,29524
福州大学(闽台合作),法学类,广东,2023,物理类,593,32233
福建理工大学,哲学类,广东,2023,物理类,512,124098
福建理工大学,数学类,广东,2023,物理类,528,102151
福建理工大学,物理学类,广东,2023,物理类,514,121703
福建农林大学,物理学类,广东,2023,物理类,541,85808
福建农林大学,体育学类,广东,2023,物理类,543,82535
福建农林大学(中外合作办学),管理学类,广东,2023,物理类,532,97772
福建农林大学,教育学类,广东,2023,物理类,536,92024
福建农林大学,新闻传播学类,广东,2023,物理类,537,90936
福建农林大学,建筑类,广东,2023,物理类,539,88391
集美大学,数学类,广东,2023,物理类,565,58276
集美大学,物理学类,广东,2023,物理类,555,69209
集美大学,体育学类,广东,2023,物理类,555,68922
集美大学,管理学类,广东,2023,物理类,563,60301
福建医科大学,哲学类,广东,2023,物理类,546,79084
福建医科大学,数学类,广东,2023,物理类,585,38864
福建医科大学,物理学类,广东,2023,物理类,561,61715
福建医科大学,体育学类,广东,2023,物理类,533,95419
福建中医药大学,哲学类,广东,2023,物理类,571,51867
福建中医药大学,数学类,广东,2023,物理类,574,48736
福建中医药大学,物理学类,广东,2023,物理类,548,77608
福建中医药大学(中外合作办学),体育学类,广东,2023,物理类,497,146949
福建师范大学,物理学类,广东,2023,物理类,580,43506
福建师范大学,体育学类,广东,2023,物理类,553,71149
福建师范大学(中外合作办学),新闻传播学类,广东,2023,物理类,548,77371
闽江学院,数学类,广东,2023,物理类,527,103579
闽江学院,物理学类,广东,2023,物理类,519,114281
武夷学院,物理学类,广东,2023,物理类,501,140735
武夷学院,体育学类,广东,2023,物理类,511,126092
泉州师范学院,物理学类,广东,2023,物理类,517,117126
泉州师范学院,体育学类,广东,2023,物理类,532,96728
泉州师范学院,法学类,广东,2023,物理类,492,154011
泉州师范学院,建筑类,广东,2023,物理类,514,122408
泉州师范学院,外国语言文学类,广东,2023,物理类,535,93175
闽南师范大学,哲学类,广东,2023,物理类,527,103792
闽南师范大学,数学类,广东,2023,物理类,536,92313
南昌大学,数学类,广东,2023,物理类,601,25842
南昌大学,物理学类,广东,2023,物理类,596,29755
南昌大学,体育学类,广东,2023,物理类,594,31289
南昌大学,法学类,广东,2023,物理类,598,28397
南昌大学(中外合作办学),新闻传播学类,广东,2023,物理类,593,32250
南昌大学,外国语言文学类,广东,2023,物理类,595,30516
南昌大学,中国语言文学类,广东,2023,物理类,596,29426
南昌大学,生物科学类,广东,2023,物理类,571,52174
华东交通大学,物理学类,广东,2023,物理类,538,89510
华东交通大学,体育学类,广东,2023,物理类,549,75326
华东交通大学,法学类,广东,2023,物理类,548,77607
华东交通大学(中外合作办学),经济学类,广东,2023,物理类,534,94690
华东交通大学,管理学类,广东,2023,物理类,543,83069
华东交通大学,新闻传播学类,广东,2023,物理类,543,83497
东华理工大学,数学类,广东,2023,物理类,537,90635
南昌航空大学,数学类,广东,2023,物理类,552,72413
南昌航空大学,物理学类,广东,2023,物理类,536,91634
南昌航空大学(中外合作办学),经济学类,广东,2023,物理类,550,75174
江西理工大学,物理学类,广东,2023,物理类,542,84945
江西理工大学,体育学类,广东,2023,物理类,547,78303
江西理工大学,法学类,广东,2023,物理类,554,69966
江西理工大学,经济学类,广东,2023,物理类,529,101499
江西理工大学(中外合作办学),教育学类,广东,2023,物理类,543,82898
景德镇陶瓷大学,数学类,广东,2023,物理类,527,103946
景德镇陶瓷大学,物理学类,广东,2023,物理类,522,110166
江西农业大学,体育学类,广东,2023,物理类,529,101661
江西农业大学,法学类,广东,2023,物理类,540,86747
江西农业大学,经济学类,广东,2023,物理类,544,81348
江西农业大学,管理学类,广东,2023,物理类,522,111182
江西农业大学(联合培养),教育学类,广东,2023,物理类,516,119379
江西中医药大学,物理学类,广东,2023,物理类,506,132790
江西中医药大学,体育学类,广东,2023,物理类,565,57592
江西中医药大学,法学类,广东,2023,物理类,533,95889
江西中医药大学,新闻传播学类,广东,2023,物理类,543,83689
赣南医学院,哲学类,广东,2023,物理类,508,129899
赣南医学院,数学类,广东,2023,物理类,524,107913
赣南医学院,物理学类,广东,2023,物理类,547,77861
赣南医学院,体育学类,广东,2023,物理类,507,132196
江西师范大学,经济学类,广东,2023,物理类,602,25528
江西师范大学,管理学类,广东,2023,物理类,560,63523
江西师范大学,教育学类,广东,2023,物理类,550,74733
江西师范大学,新闻传播学类,广东,2023,物理类,577,45698
江西师范大学,建筑类,广东,2023,物理类,563,60082
江西师范大学,外国语言文学类,广东,2023,物理类,574,48997
上饶师范学院,体育学类,广东,2023,物理类,499,143000
上饶师范学院,法学类,广东,2023,物理类,497,146025
上饶师范学院,材料类,广东,2023,物理类,509,129464
宜春学院,物理学类,广东,2023,物理类,495,149398
宜春学院,体育学类,广东,2023,物理类,539,88257
宜春学院,法学类,广东,2023,物理类,495,148877
宜春学院,经济学类,广东,2023,物理类,536,92160
赣南师范大学,体育学类,广东,2023,物理类,536,92559
赣南师范大学,法学类,广东,2023,物理类,552,72450
赣南师范大学,经济学类,广东,2023,物理类,552,72072
赣南师范大学,管理学类,广东,2023,物理类,546,78898
赣南师范大学,化学类,广东,2023,物理类,550,74750
赣南师范大学,材料类,广东,2023,物理类,541,85238
井冈山大学,物理学类,广东,2023,物理类,524,107839
井冈山大学,体育学类,广东,2023,物理类,521,112684
井冈山大学,法学类,广东,2023,物理类,548,77584
井冈山大学,经济学类,广东,2023,物理类,512,124394
井冈山大学,新闻传播学类,广东,2023,物理类,519,114710
江西财经大学,物理学类,广东,2023,物理类,548,77028
江西财经大学,体育学类,广东,2023,物理类,550,75025
江西财经大学(中外合作办学),新闻传播学类,广东,2023,物理类,557,66709
江西财经大学,中国语言文学类,广东,2023,物理类,563,60064
山东大学,物理学类,广东,2023,物理类,620,14966
山东大学,体育学类,广东,2023,物理类,619,15116
山东大学,法学类,广东,2023,物理类,619,15286
山东大学,经济学类,广东,2023,物理类,642,6151
中国海洋大学,物理学类,广东,2023,物理类,612,19009
中国海洋大学,体育学类,广东,2023,物理类,610,20449
中国海洋大学,法学类,广东,2023,物理类,610,20174
中国海洋大学(中外合作办学),管理学类,广东,2023,物理类,602,25780
中国海洋大学(中外合作办学),教育学类,广东,2023,物理类,606,22476
中国海洋大学,建筑类,广东,2023,物理类,610,19990
中国海洋大学,外国语言文学类,广东,2023,物理类,618,15546
中国海洋大学(中外合作办学),中国语言文学类,广东,2023,物理类,614,17715
中国海洋大学(中外合作办学),艺术设计类,广东,2023,物理类,608,21490
中国海洋大学(中外合作办学),生物科学类,广东,2023,物理类,612,19095
山东科技大学,数学类,广东,2023,物理类,557,66175
中国石油大学(华东),哲学类,广东,2023,物理类,597,29197
中国石油大学(华东),数学类,广东,2023,物理类,601,26446
中国石油大学(华东),物理学类,广东,2023,物理类,594,31556
中国石油大学(华东),体育学类,广东,2023,物理类,600,26704
青岛科技大学,哲学类,广东,2023,物理类,551,73749
青岛科技大学,数学类,广东,2023,物理类,551,73949
青岛科技大学,物理学类,广东,2023,物理类,545,80758
济南大学,物理学类,广东,2023,物理类,538,89854
济南大学,体育学类,广东,2023,物理类,547,78733
济南大学,法学类,广东,2023,物理类,553,71043
济南大学,经济学类,广东,2023,物理类,539,88656
济南大学,管理学类,广东,2023,物理类,561,62324
青岛理工大学,物理学类,广东,2023,物理类,539,88581
青岛理工大学,体育学类,广东,2023,物理类,540,87393
青岛理工大学,法学类,广东,2023,物理类,538,89601
山东建筑大学,物理学类,广东,2023,物理类,528,102802
山东建筑大学(中外合作办学),经济学类,广东,2023,物理类,497,146250
山东建筑大学(中外合作办学),管理学类,广东,2023,物理类,495,149747
齐鲁工业大学,数学类,广东,2023,物理类,505,135236
山东理工大学,数学类,广东,2023,物理类,548,77121
山东理工大学,物理学类,广东,2023,物理类,537,90743
山东理工大学,体育学类,广东,2023,物理类,535,93371
山东理工大学,法学类,广东,2023,物理类,531,99107
山东农业大学,数学类,广东,2023,物理类,527,104506
山东农业大学,物理学类,广东,2023,物理类,526,104932
山东农业大学,经济学类,广东,2023,物理类,527,103446
青岛农业大学,体育学类,广东,2023,物理类,499,143413
青岛农业大学,法学类,广东,2023,物理类,512,124148
青岛农业大学,经济学类,广东,2023,物理类,510,128085
潍坊医学院,哲学类,广东,2023,物理类,511,126667
潍坊医学院,数学类,广东,2023,物理类,553,71335
潍坊医学院,物理学类,广东,2023,物理类,500,141845
山东第一医科大学,数学类,广东,2023,物理类,545,80428
山东第一医科大学,物理学类,广东,2023,物理类,589,35161
滨州医学院,数学类,广东,2023,物理类,505,135330
滨州医学院,物理学类,广东,2023,物理类,581,42073
滨州医学院,体育学类,广东,2023,物理类,549,76009
山东中医药大学,哲学类,广东,2023,物理类,530,99908
山东中医药大学,数学类,广东,2023,物理类,553,71411
山东中医药大学,物理学类,广东,2023,物理类,524,107837
济宁医学院,哲学类,广东,2023,物理类,548,76819
山东师范大学,体育学类,广东,2023,物理类,538,89940
山东师范大学,法学类,广东,2023,物理类,549,75816
山东师范大学,经济学类,广东,2023,物理类,563,60365
山东师范大学,管理学类,广东,2023,物理类,569,53616
山东师范大学(中外合作办学),外国语言文学类,广东,2023,物理类,521,112445
聊城大学,哲学类,广东,2023,物理类,526,105622
聊城大学,数学类,广东,2023,物理类,498,145186
滨州学院,数学类,广东,2023,物理类,506,132659
鲁东大学,数学类,广东,2023,物理类,518,116427
临沂大学,数学类,广东,2023,物理类,530,100336
临沂大学,物理学类,广东,2023,物理类,507,131276
临沂大学,体育学类,广东,2023,物理类,513,123809
临沂大学(中外合作办学),经济学类,广东,2023,物理类,502,138704
泰山学院,哲学类,广东,2023,物理类,497,146731
泰山学院,数学类,广东,2023,物理类,492,153666
菏泽学院,物理学类,广东,2023,物理类,492,154141
菏泽学院,体育学类,广东,2023,物理类,509,129010
山东财经大学,数学类,广东,2023,物理类,547,78160
郑州大学,数学类,广东,2023,物理类,596,29951
郑州大学,物理学类,广东,2023,物理类,596,29497
郑州大学,经济学类,广东,2023,物理类,598,28559
郑州大学,管理学类,广东,2023,物理类,594,30989
河南理工大学,数学类,广东,2023,物理类,525,106418
河南理工大学,物理学类,广东,2023,物理类,522,110247
河南理工大学(中外合作办学),体育学类,广东,2023,物理类,536,91569
郑州轻工业大学,数学类,广东,2023,物理类,531,98086
郑州轻工业大学,物理学类,广东,2023,物理类,517,118180
郑州轻工业大学(中外合作办学),法学类,广东,2023,物理类,506,132593
郑州轻工业大学(中外合作办学),经济学类,广东,2023,物理类,530,99864
河南工业大学,物理学类,广东,2023,物理类,528,103214
河南工业大学,体育学类,广东,2023,物理类,518,115988
河南工业大学,法学类,广东,2023,物理类,535,93670
河南工业大学(联合培养),教育学类,广东,2023,物理类,540,86453
河南工业大学(中外合作办学),新闻传播学类,广东,2023,物理类,513,123038
河南工业大学(中外合作办学),建筑类,广东,2023,物理类,520,113248
河南科技大学,数学类,广东,2023,物理类,548,77180
河南科技大学,物理学类,广东,2023,物理类,508,131042
河南科技大学,体育学类,广东,2023,物理类,534,94449
河南科技大学,法学类,广东,2023,物理类,528,102649
河南科技大学,经济学类,广东,2023,物理类,562,61253
河南科技大学,教育学类,广东,2023,物理类,547,78504
河南科技大学,新闻传播学类,广东,2023,物理类,543,83153
中原工学院,数学类,广东,2023,物理类,525,106326
中原工学院(中外合作办学),物理学类,广东,2023,物理类,507,131462
河南农业大学,物理学类,广东,2023,物理类,535,93370
河南农业大学,体育学类,广东,2023,物理类,550,75026
河南农业大学,法学类,广东,2023,物理类,533,95361
河南中医药大学,物理学类,广东,2023,物理类,561,62142
河南中医药大学,体育学类,广东,2023,物理类,531,98502
河南中医药大学,法学类,广东,2023,物理类,525,106257
新乡医学院,哲学类,广东,2023,物理类,557,66929
河南大学,管理学类,广东,2023,物理类,585,38941
河南大学,教育学类,广东,2023,物理类,565,57996
河南大学,新闻传播学类,广东,2023,物理类,558,65212
河南大学,建筑类,广东,2023,物理类,566,57194
河南大学,外国语言文学类,广东,2023,物理类,505,134869
河南大学(中外合作办学),化学类,广东,2023,物理类,559,64338
河南大学(中外合作办学),材料类,广东,2023,物理类,551,72976
河南大学,历史学类,广东,2023,物理类,515,120489
河南大学,地理科学类,广东,2023,物理类,573,49994
河南大学,农林科学类,广东,2023,物理类,557,66852
河南大学,林业工程类,广东,2023,物理类,568,54692
河南师范大学,物理学类,广东,2023,物理类,540,87182
河南师范大学,体育学类,广东,2023,物理类,505,134518
河南师范大学,法学类,广东,2023,物理类,523,108984
信阳师范大学(中外合作办学),法学类,广东,2023,物理类,492,154205
信阳师范大学(中外合作办学),经济学类,广东,2023,物理类,494,150572
周口师范学院,数学类,广东,2023,物理类,496,147922
南阳师范学院,物理学类,广东,2023,物理类,494,150821
南阳师范学院,体育学类,广东,2023,物理类,499,144145
洛阳师范学院,数学类,广东,2023,物理类,520,112749
洛阳师范学院,物理学类,广东,2023,物理类,517,117894
商丘师范学院,数学类,广东,2023,物理类,495,149050
商丘师范学院,物理学类,广东,2023,物理类,493,151708
商丘师范学院,体育学类,广东,2023,物理类,500,142558
河南财经政法大学,物理学类,广东,2023,物理类,550,74881
河南财经政法大学(中外合作办学),教育学类,广东,2023,物理类,533,96141
河南财经政法大学(中外合作办学),新闻传播学类,广东,2023,物理类,513,123348
郑州航空工业管理学院,数学类,广东,2023,物理类,512,124386
郑州航空工业管理学院,物理学类,广东,2023,物理类,519,115028
武汉大学,数学类,广东,2023,物理类,644,5602
武汉大学,物理学类,广东,2023,物理类,643,5832
武汉大学(中外合作办学),法学类,广东,2023,物理类,634,8859
武汉大学,教育学类,广东,2023,物理类,641,6379
华中科技大学,物理学类,广东,2023,物理类,657,2546
华中科技大学,体育学类,广东,2023,物理类,652,3560
华中科技大学(中外合作办学),经济学类,广东,2023,物理类,618,15757
武汉科技大学,物理学类,广东,2023,物理类,556,67396
武汉科技大学,体育学类,广东,2023,物理类,554,69596
武汉科技大学,法学类,广东,2023,物理类,557,66882
武汉科技大学,经济学类,广东,2023,物理类,561,61742
长江大学,物理学类,广东,2023,物理类,544,81428
长江大学,体育学类,广东,2023,物理类,539,88785
长江大学,法学类,广东,2023,物理类,537,91293
长江大学,经济学类,广东,2023,物理类,541,85980
长江大学(中外合作办学),新闻传播学类,广东,2023,物理类,517,117365
武汉工程大学,哲学类,广东,2023,物理类,567,55601
武汉工程大学,数学类,广东,2023,物理类,556,67767
武汉工程大学(中外合作办学),体育学类,广东,2023,物理类,540,86623
中国地质大学(武汉),物理学类,广东,2023,物理类,598,27963
中国地质大学(武汉),体育学类,广东,2023,物理类,593,32187
中国地质大学(武汉),教育学类,广东,2023,物理类,608,21388
中国地质大学(武汉),新闻传播学类,广东,2023,物理类,595,30211
武汉纺织大学,物理学类,广东,2023,物理类,552,72502
武汉纺织大学,体育学类,广东,2023,物理类,530,99497
武汉轻工大学,物理学类,广东,2023,物理类,556,67759
武汉轻工大学,体育学类,广东,2023,物理类,549,76223
武汉理工大学,物理学类,广东,2023,物理类,627,11350
武汉理工大学,体育学类,广东,2023,物理类,625,12641
武汉理工大学,法学类,广东,2023,物理类,609,20959
武汉理工大学,经济学类,广东,2023,物理类,600,27129
武汉理工大学(中外合作办学),教育学类,广东,2023,物理类,599,27360
武汉理工大学(中外合作办学),新闻传播学类,广东,2023,物理类,592,32651
湖北工业大学,数学类,广东,2023,物理类,554,70107
湖北工业大学(中外合作办学),物理学类,广东,2023,物理类,535,93648
华中农业大学,物理学类,广东,2023,物理类,593,31876
华中农业大学,体育学类,广东,2023,物理类,595,30176
华中农业大学,法学类,广东,2023,物理类,594,31105
湖北中医药大学,体育学类,广东,2023,物理类,541,85197
湖北中医药大学,法学类,广东,2023,物理类,568,54687
湖北中医药大学,经济学类,广东,2023,物理类,530,99340
华中师范大学,物理学类,广东,2023,物理类,600,26504
华中师范大学,体育学类,广东,2023,物理类,626,11850
华中师范大学,法学类,广东,2023,物理类,616,16837
湖北大学,体育学类,广东,2023,物理类,567,55499
湖北大学,法学类,广东,2023,物理类,561,62216
湖北大学,经济学类,广东,2023,物理类,552,72621
湖北大学,管理学类,广东,2023,物理类,556,67298
湖北大学(中外合作办学),外国语言文学类,广东,2023,物理类,555,69061
湖北大学(中外合作办学),中国语言文学类,广东,2023,物理类,539,87886
湖北师范大学,数学类,广东,2023,物理类,564,58961
湖北师范大学,物理学类,广东,2023,物理类,545,80561
湖北文理学院,数学类,广东,2023,物理类,522,111047
湖北文理学院,法学类,广东,2023,物理类,500,142234
中南财经政法大学,经济学类,广东,2023,物理类,604,24297
中南财经政法大学,管理学类,广东,2023,物理类,592,32974
中南财经政法大学,教育学类,广东,2023,物理类,600,26834
中南财经政法大学,新闻传播学类,广东,2023,物理类,609,20997
中南财经政法大学,建筑类,广东,2023,物理类,600,26666
中南财经政法大学,生物科学类,广东,2023,物理类,625,12474
中南财经政法大学,化学类,广东,2023,物理类,624,13123
武汉体育学院,物理学类,广东,2023,物理类,537,90295
中南民族大学,物理学类,广东,2023,物理类,544,81516
中南民族大学,体育学类,广东,2023,物理类,546,79888
中南民族大学,法学类,广东,2023,物理类,543,83186
中南民族大学,经济学类,广东,2023,物理类,545,80400
湖北汽车工业学院,哲学类,广东,2023,物理类,521,112729
湖北汽车工业学院(中外合作办学),物理学类,广东,2023,物理类,513,123693
湖北工程学院,数学类,广东,2023,物理类,523,109763
湖北工程学院,物理学类,广东,2023,物理类,503,137153
湘潭大学,物理学类,广东,2023,物理类,586,37535
吉首大学,物理学类,广东,2023,物理类,540,86385
吉首大学,体育学类,广东,2023,物理类,525,106949
吉首大学,法学类,广东,2023,物理类,528,102290
湖南大学(本科预科班),体育学类,广东,2023,物理类,574,48850
湖南大学,法学类,广东,2023,物理类,627,11529
湖南大学,经济学类,广东,2023,物理类,622,13663
湖南大学,管理学类,广东,2023,物理类,621,14466
中南大学,数学类,广东,2023,物理类,623,13199
中南大学,物理学类,广东,2023,物理类,619,15352
中南大学,体育学类,广东,2023,物理类,634,8841
中南大学(中外合作办学),经济学类,广东,2023,物理类,618,15755
中南大学,管理学类,广东,2023,物理类,668,1205
湖南科技大学,经济学类,广东,2023,物理类,543,83393
湖南科技大学,管理学类,广东,2023,物理类,543,83498
湖南科技大学,教育学类,广东,2023,物理类,543,82809
湖南科技大学,新闻传播学类,广东,2023,物理类,541,85896
湖南科技大学,建筑类,广东,2023,物理类,559,64741
湖南科技大学,外国语言文学类,广东,2023,物理类,543,83487
湖南科技大学,中国语言文学类,广东,2023,物理类,564,59429
长沙理工大学,数学类,广东,2023,物理类,557,66305
长沙理工大学,物理学类,广东,2023,物理类,554,69693
长沙理工大学,经济学类,广东,2023,物理类,596,30101
长沙理工大学,教育学类,广东,2023,物理类,578,45313
长沙理工大学,新闻传播学类,广东,2023,物理类,554,70499
长沙理工大学,建筑类,广东,2023,物理类,553,71147
长沙理工大学(中外合作办学),外国语言文学类,广东,2023,物理类,585,38813
长沙理工大学(中外合作办学),中国语言文学类,广东,2023,物理类,554,69886
长沙理工大学(中外合作办学),生物科学类,广东,2023,物理类,564,59286
湖南农业大学,体育学类,广东,2023,物理类,542,84219
湖南农业大学,法学类,广东,2023,物理类,538,89310
湖南农业大学,经济学类,广东,2023,物理类,542,84744
湖南农业大学,管理学类,广东,2023,物理类,545,80760
湖南农业大学,教育学类,广东,2023,物理类,538,89530
湖南农业大学,新闻传播学类,广东,2023,物理类,543,83448
湖南农业大学(中外合作办学),生物科学类,广东,2023,物理类,517,117361
湖南农业大学(中外合作办学),化学类,广东,2023,物理类,520,113797
湖南农业大学,计算机类,广东,2023,物理类,552,71836
湖南农业大学,历史学类,广东,2023,物理类,554,70517
中南林业科技大学,法学类,广东,2023,物理类,542,84215
中南林业科技大学,经济学类,广东,2023,物理类,533,96100
中南林业科技大学,管理学类,广东,2023,物理类,533,95197
中南林业科技大学,教育学类,广东,2023,物理类,551,73911
湖南中医药大学,哲学类,广东,2023,物理类,538,89685
湖南中医药大学,数学类,广东,2023,物理类,573,49402
湖南中医药大学,物理学类,广东,2023,物理类,556,67924
湖南中医药大学,体育学类,广东,2023,物理类,552,72701
湖南中医药大学,法学类,广东,2023,物理类,527,103508
湖南师范大学,数学类,广东,2023,物理类,592,32852
湖南师范大学,物理学类,广东,2023,物理类,590,34224
湖南师范大学,体育学类,广东,2023,物理类,596,29432
湖南师范大学,生物科学类,广东,2023,物理类,592,32529
湖南理工学院,数学类,广东,2023,物理类,538,89935
湘南学院,物理学类,广东,2023,物理类,522,111224
湘南学院,体育学类,广东,2023,物理类,504,135947
湘南学院,法学类,广东,2023,物理类,512,124873
湘南学院,外国语言文学类,广东,2023,物理类,536,92051
湘南学院,中国语言文学类,广东,2023,物理类,548,76664
湘南学院,艺术设计类,广东,2023,物理类,524,108280
衡阳师范学院,物理学类,广东,2023,物理类,527,103521
衡阳师范学院,体育学类,广东,2023,物理类,510,127059
衡阳师范学院,法学类,广东,2023,物理类,536,91773
衡阳师范学院,经济学类,广东,2023,物理类,515,119980
衡阳师范学院,教育学类,广东,2023,物理类,534,94301
邵阳学院,体育学类,广东,2023,物理类,499,144128
邵阳学院,法学类,广东,2023,物理类,498,144464
邵阳学院,经济学类,广东,2023,物理类,531,98248
邵阳学院,管理学类,广东,2023,物理类,507,131611
邵阳学院,建筑类,广东,2023,物理类,513,122751
怀化学院,数学类,广东,2023,物理类,511,125923
怀化学院,物理学类,广东,2023,物理类,502,139042
怀化学院,教育学类,广东,2023,物理类,503,137400
湖南文理学院,物理学类,广东,2023,物理类,514,121746
湖南文理学院,体育学类,广东,2023,物理类,505,133967
湖南文理学院,法学类,广东,2023,物理类,501,141217
湖南科技学院,物理学类,广东,2023,物理类,519,114542
湖南人文科技学院,物理学类,广东,2023,物理类,499,143566
湖南人文科技学院(中外合作办学),法学类,广东,2023,物理类,484,165641
湖南人文科技学院,经济学类,广东,2023,物理类,503,137590
湖南工商大学,物理学类,广东,2023,物理类,540,87462
湖南工商大学,体育学类,广东,2023,物理类,545,80168
南华大学,数学类,广东,2023,物理类,525,106714
南华大学,物理学类,广东,2023,物理类,548,77468
南华大学,体育学类,广东,2023,物理类,539,88739
南华大学,管理学类,广东,2023,物理类,535,92873
南华大学,教育学类,广东,2023,物理类,537,91088
中山大学,物理学类,广东,2023,物理类,639,6855
中山大学,体育学类,广东,2023,物理类,644,5523
中山大学,法学类,广东,2023,物理类,646,4935
中山大学,生物科学类,广东,2023,物理类,649,4152
中山大学,化学类,广东,2023,物理类,638,7387
中山大学,材料类,广东,2023,物理类,635,8363
中山大学,计算机类,广东,2023,物理类,645,5193
中山大学,农林科学类,广东,2023,物理类,635,8386
暨南大学,物理学类,广东,2023,物理类,586,37583
暨南大学,体育学类,广东,2023,物理类,609,20754
暨南大学,法学类,广东,2023,物理类,602,25185
暨南大学,经济学类,广东,2023,物理类,603,24484
暨南大学,艺术设计类,广东,2023,物理类,605,23486
暨南大学,农林科学类,广东,2023,物理类,603,24939
暨南大学,临床医学类,广东,2023,物理类,620,14598
暨南大学,口腔医学类,广东,2023,物理类,624,12810
暨南大学,护理学类,广东,2023,物理类,629,10862
暨南大学,心理学类,广东,2023,物理类,623,13370
暨南大学(中外合作办学),统计学类,广东,2023,物理类,603,24884
汕头大学,数学类,广东,2023,物理类,554,69995
汕头大学,物理学类,广东,2023,物理类,555,69127
汕头大学,体育学类,广东,2023,物理类,554,69414
汕头大学(地方专项),管理学类,广东,2023,物理类,558,65296
汕头大学(地方专项),教育学类,广东,2023,物理类,548,76921
华南理工大学,数学类,广东,2023,物理类,626,12213
华南理工大学,物理学类,广东,2023,物理类,621,14155
华南理工大学,体育学类,广东,2023,物理类,620,14662
华南农业大学,建筑类,广东,2023,物理类,586,38145
华南农业大学,中国语言文学类,广东,2023,物理类,582,41579
华南农业大学,艺术设计类,广东,2023,物理类,580,43330
华南农业大学,生物科学类,广东,2023,物理类,563,59460
华南农业大学,材料类,广东,2023,物理类,584,39429
华南农业大学,历史学类,广东,2023,物理类,593,32294
华南农业大学,地理科学类,广东,2023,物理类,589,35131
华南农业大学,农林科学类,广东,2023,物理类,598,28314
华南农业大学,林业工程类,广东,2023,物理类,579,44276
华南农业大学,电子信息类,广东,2023,物理类,589,35374
华南农业大学,自动化类,广东,2023,物理类,583,40670
华南农业大学,土木类,广东,2023,物理类,576,46473
华南农业大学(国际班),其他类,广东,2023,物理类,550,74516
华南农业大学(中外合作办学),其他类,广东,2023,物理类,558,65952
华南农业大学(中外合作办学),其他类,广东,2023,物理类,551,73711
华南农业大学(地方专项),其他类,广东,2023,物理类,540,86683
华南农业大学(地方专项),其他类,广东,2023,物理类,541,86008
广东海洋大学,哲学类,广东,2023,物理类,544,81565
广东海洋大学,数学类,广东,2023,物理类,526,105554
广东海洋大学,物理学类,广东,2023,物理类,515,121000
广东海洋大学,体育学类,广东,2023,物理类,531,98357
广东海洋大学,法学类,广东,2023,物理类,505,134507
广东海洋大学,经济学类,广东,2023,物理类,508,129649
广东海洋大学,管理学类,广东,2023,物理类,506,133441
广东海洋大学,教育学类,广东,2023,物理类,498,145435
广东海洋大学,新闻传播学类,广东,2023,物理类,515,120125
广东海洋大学,建筑类,广东,2023,物理类,501,140166
广东海洋大学,外国语言文学类,广东,2023,物理类,521,112197
广东海洋大学,中国语言文学类,广东,2023,物理类,527,103950
广东海洋大学(地方专项),艺术设计类,广东,2023,物理类,538,89928
广东海洋大学(地方专项),生物科学类,广东,2023,物理类,542,83864
广东海洋大学(地方专项),化学类,广东,2023,物理类,517,117356
广东海洋大学,材料类,广东,2023,物理类,512,124722
广东海洋大学,计算机类,广东,2023,物理类,510,127182
广东海洋大学,历史学类,广东,2023,物理类,539,88203
广东海洋大学,地理科学类,广东,2023,物理类,528,102518
广东海洋大学,农林科学类,广东,2023,物理类,507,132492
广东海洋大学(中外合作办学),水利类,广东,2023,物理类,525,106315
广州医科大学,哲学类,广东,2023,物理类,570,52908
广州医科大学,数学类,广东,2023,物理类,563,59885
广州医科大学,物理学类,广东,2023,物理类,554,70299
广州医科大学(地方专项),体育学类,广东,2023,物理类,577,45772
广州医科大学(地方专项),法学类,广东,2023,物理类,560,62685
广州医科大学(地方专项),经济学类,广东,2023,物理类,542,83805
广东医科大学,哲学类,广东,2023,物理类,561,62406
广东医科大学,数学类,广东,2023,物理类,531,98488
广东医科大学,物理学类,广东,2023,物理类,520,113343
广东医科大学,体育学类,广东,2023,物理类,515,120750
广东医科大学(地方专项),教育学类,广东,2023,物理类,564,58646
广东医科大学(地方专项),新闻传播学类,广东,2023,物理类,538,89187
广东医科大学,建筑类,广东,2023,物理类,538,89098
广东医科大学,外国语言文学类,广东,2023,物理类,535,92756
广东医科大学,中国语言文学类,广东,2023,物理类,541,86073
广东医科大学(协同培养),艺术设计类,广东,2023,物理类,509,128282
广东医科大学(协同培养),生物科学类,广东,2023,物理类,504,135456
广东医科大学(协同培养),化学类,广东,2023,物理类,508,130661
广州中医药大学,哲学类,广东,2023,物理类,611,19845
广州中医药大学,数学类,广东,2023,物理类,578,44607
广州中医药大学,物理学类,广东,2023,物理类,554,70308
广州中医药大学,体育学类,广东,2023,物理类,551,73829
广州中医药大学(地方专项),经济学类,广东,2023,物理类,569,53536
广州中医药大学(地方专项),管理学类,广东,2023,物理类,549,75915
广州中医药大学(地方专项),教育学类,广东,2023,物理类,539,87647
广东药科大学,哲学类,广东,2023,物理类,567,56344
广东药科大学,数学类,广东,2023,物理类,511,125899
广东药科大学,物理学类,广东,2023,物理类,514,122118
广东药科大学,体育学类,广东,2023,物理类,509,129006
华南师范大学,外国语言文学类,广东,2023,物理类,602,25502
华南师范大学,中国语言文学类,广东,2023,物理类,612,18864
华南师范大学,艺术设计类,广东,2023,物理类,614,17696
华南师范大学,生物科学类,广东,2023,物理类,609,20668
华南师范大学,化学类,广东,2023,物理类,613,18516
华南师范大学(地方专项),材料类,广东,2023,物理类,582,41100
华南师范大学(地方专项),计算机类,广东,2023,物理类,602,25565
华南师范大学(中外合作办学),历史学类,广东,2023,物理类,578,44927
华南师范大学(中外合作办学),地理科学类,广东,2023,物理类,585,38865
华南师范大学(联合培养),农林科学类,广东,2023,物理类,583,40324
华南师范大学,林业工程类,广东,2023,物理类,588,36157
华南师范大学,环境科学与工程类,广东,2023,物理类,596,29892
华南师范大学,食品科学与工程类,广东,2023,物理类,594,31513
华南师范大学,药学类,广东,2023,物理类,599,27257
华南师范大学,临床医学类,广东,2023,物理类,601,26296
华南师范大学(地方专项),口腔医学类,广东,2023,物理类,607,22000
韶关学院,生物科学类,广东,2023,物理类,500,141408
韶关学院,化学类,广东,2023,物理类,508,131001
韶关学院,计算机类,广东,2023,物理类,496,147270
韶关学院,历史学类,广东,2023,物理类,494,150992
韶关学院,地理科学类,广东,2023,物理类,544,82229
韶关学院(协同培养),农林科学类,广东,2023,物理类,495,149861
韶关学院,林业工程类,广东,2023,物理类,513,122941
韶关学院,环境科学与工程类,广东,2023,物理类,519,114468
韶关学院,食品科学与工程类,广东,2023,物理类,510,126968
韶关学院,药学类,广东,2023,物理类,499,143437
韶关学院,临床医学类,广东,2023,物理类,495,149493
韶关学院,口腔医学类,广东,2023,物理类,492,154409
韶关学院,护理学类,广东,2023,物理类,498,144269
韶关学院,心理学类,广东,2023,物理类,506,132774
韶关学院(学分互认),统计学类,广东,2023,物理类,496,148580
韶关学院(学分互认),电子信息类,广东,2023,物理类,492,153171
韶关学院(联合培养),土木类,广东,2023,物理类,516,119007
韶关学院,水利类,广东,2023,物理类,516,119669
韶关学院,交通运输类,广东,2023,物理类,494,150845
韶关学院,其他类,广东,2023,物理类,513,123753
韶关学院,其他类,广东,2023,物理类,509,128240
韶关学院,其他类,广东,2023,物理类,502,139308
韶关学院,其他类,广东,2023,物理类,496,148067
韶关学院,其他类,广东,2023,物理类,522,111053
韶关学院,其他类,广东,2023,物理类,504,135448
韶关学院,其他类,广东,2023,物理类,504,136061
韶关学院,其他类,广东,2023,物理类,511,125580
韶关学院,其他类,广东,2023,物理类,507,131975
惠州学院,农林科学类,广东,2023,物理类,540,86704
惠州学院,林业工程类,广东,2023,物理类,517,117793
惠州学院,环境科学与工程类,广东,2023,物理类,511,126455
惠州学院,食品科学与工程类,广东,2023,物理类,508,130810
惠州学院,药学类,广东,2023,物理类,513,123020
惠州学院,临床医学类,广东,2023,物理类,534,94852
惠州学院,口腔医学类,广东,2023,物理类,544,81983
惠州学院,护理学类,广东,2023,物理类,538,89748
惠州学院,心理学类,广东,2023,物理类,534,95119
惠州学院,统计学类,广东,2023,物理类,533,96369
惠州学院,电子信息类,广东,2023,物理类,496,147547
惠州学院,自动化类,广东,2023,物理类,501,140895
惠州学院,土木类,广东,2023,物理类,525,106376
惠州学院,水利类,广东,2023,物理类,506,132633
惠州学院,交通运输类,广东,2023,物理类,496,147903
惠州学院,海洋科学类,广东,2023,物理类,523,109616
惠州学院,航空航天类,广东,2023,物理类,519,115182
惠州学院,兵器类,广东,2023,物理类,521,111589
惠州学院,核工程类,广东,2023,物理类,501,140362
惠州学院,农业工程类,广东,2023,物理类,523,109168
惠州学院,生物医学工程类,广东,2023,物理类,499,142917
惠州学院,其他类,广东,2023,物理类,500,142564
惠州学院(中外合作办学),其他类,广东,2023,物理类,471,186547
韩山师范学院,哲学类,广东,2023,物理类,522,110991
韩山师范学院,数学类,广东,2023,物理类,519,114962
韩山师范学院,物理学类,广东,2023,物理类,503,138089
韩山师范学院,体育学类,广东,2023,物理类,502,138395
韩山师范学院,法学类,广东,2023,物理类,494,151155
韩山师范学院(协同培养),管理学类,广东,2023,物理类,495,149228
韩山师范学院(协同培养),建筑类,广东,2023,物理类,501,140543
韩山师范学院(协同培养),生物科学类,广东,2023,物理类,501,140648
韩山师范学院(协同培养),化学类,广东,2023,物理类,494,151118
韩山师范学院(中外合作办学),材料类,广东,2023,物理类,484,165042
岭南师范学院,教育学类,广东,2023,物理类,516,119485
岭南师范学院,新闻传播学类,广东,2023,物理类,496,147648
岭南师范学院,建筑类,广东,2023,物理类,522,110978
岭南师范学院,外国语言文学类,广东,2023,物理类,509,129532
岭南师范学院,中国语言文学类,广东,2023,物理类,499,143992
岭南师范学院,艺术设计类,广东,2023,物理类,498,145155
岭南师范学院,生物科学类,广东,2023,物理类,499,142794
岭南师范学院,化学类,广东,2023,物理类,506,133095
岭南师范学院,材料类,广东,2023,物理类,505,134882
岭南师范学院,计算机类,广东,2023,物理类,502,138325
岭南师范学院,历史学类,广东,2023,物理类,515,120927
岭南师范学院,地理科学类,广东,2023,物理类,509,128698
岭南师范学院,农林科学类,广东,2023,物理类,521,111921
岭南师范学院,林业工程类,广东,2023,物理类,517,118014
岭南师范学院(中外合作办学),环境科学与工程类,广东,2023,物理类,481,170927
岭南师范学院(协同培养),食品科学与工程类,广东,2023,物理类,502,138700
岭南师范学院(协同培养),药学类,广东,2023,物理类,504,136375
肇庆学院,管理学类,广东,2023,物理类,497,145798
肇庆学院,教育学类,广东,2023,物理类,509,129448
肇庆学院,新闻传播学类,广东,2023,物理类,497,146720
肇庆学院,建筑类,广东,2023,物理类,498,145500
肇庆学院,外国语言文学类,广东,2023,物理类,508,130633
肇庆学院,中国语言文学类,广东,2023,物理类,514,121632
肇庆学院,艺术设计类,广东,2023,物理类,497,146478
肇庆学院,生物科学类,广东,2023,物理类,523,108889
肇庆学院,化学类,广东,2023,物理类,529,101831
嘉应学院,哲学类,广东,2023,物理类,511,125529
嘉应学院,数学类,广东,2023,物理类,496,148399
嘉应学院,物理学类,广东,2023,物理类,508,129826
嘉应学院,体育学类,广东,2023,物理类,494,150672
嘉应学院,法学类,广东,2023,物理类,494,150674
嘉应学院,经济学类,广东,2023,物理类,494,151394
嘉应学院,管理学类,广东,2023,物理类,517,118011
嘉应学院,教育学类,广东,2023,物理类,524,108127
嘉应学院,新闻传播学类,广东,2023,物理类,503,137699
嘉应学院,建筑类,广东,2023,物理类,510,127673
嘉应学院(协同培养),外国语言文学类,广东,2023,物理类,495,149284
嘉应学院,中国语言文学类,广东,2023,物理类,543,82678
广州体育学院,数学类,广东,2023,物理类,508,130936
广州体育学院,物理学类,广东,2023,物理类,512,124220
广州美术学院,物理学类,广东,2023,物理类,539,88604
广州美术学院,体育学类,广东,2023,物理类,534,94857
星海音乐学院,物理学类,广东,2023,物理类,550,75130
广东技术师范大学,哲学类,广东,2023,物理类,556,67489
广东技术师范大学,数学类,广东,2023,物理类,552,72353
广东技术师范大学,物理学类,广东,2023,物理类,522,111071
广东技术师范大学,体育学类,广东,2023,物理类,542,84821
广东技术师范大学(地方专项),法学类,广东,2023,物理类,544,82484
广东技术师范大学,经济学类,广东,2023,物理类,519,115419
广东技术师范大学(少数民族班),管理学类,广东,2023,物理类,424,257415
广东技术师范大学(少数民族班),教育学类,广东,2023,物理类,423,258543
广东技术师范大学(协同培养),新闻传播学类,广东,2023,物理类,512,124175
广东技术师范大学(学分互认),建筑类,广东,2023,物理类,502,138516
海南大学,法学类,广东,2023,物理类,591,33498
海南大学,经济学类,广东,2023,物理类,584,39880
海南大学,教育学类,广东,2023,物理类,588,35756
海南大学(中外合作办学),艺术设计类,广东,2023,物理类,562,60678
海南大学(中外合作办学),生物科学类,广东,2023,物理类,578,45067
海南大学,化学类,广东,2023,物理类,603,24776
深圳大学,林业工程类,广东,2023,物理类,601,26449
深圳大学,环境科学与工程类,广东,2023,物理类,606,23035
深圳大学,食品科学与工程类,广东,2023,物理类,614,18137
深圳大学,药学类,广东,2023,物理类,608,21138
深圳大学,临床医学类,广东,2023,物理类,609,20565
深圳大学,口腔医学类,广东,2023,物理类,616,16737
深圳大学,护理学类,广东,2023,物理类,614,18067
深圳大学,心理学类,广东,2023,物理类,615,17414
深圳大学,统计学类,广东,2023,物理类,599,27316
深圳大学,电子信息类,广东,2023,物理类,597,28787
深圳大学,自动化类,广东,2023,物理类,596,29401
深圳大学,土木类,广东,2023,物理类,623,13330
深圳大学,水利类,广东,2023,物理类,595,30791
深圳大学,交通运输类,广东,2023,物理类,599,27432
深圳大学,海洋科学类,广东,2023,物理类,602,25769
深圳大学,航空航天类,广东,2023,物理类,595,30508
深圳大学,兵器类,广东,2023,物理类,598,28622
深圳大学,核工程类,广东,2023,物理类,592,33087
深圳大学,农业工程类,广东,2023,物理类,601,26255
深圳大学,生物医学工程类,广东,2023,物理类,605,23211
深圳大学,其他类,广东,2023,物理类,600,27036
深圳大学,其他类,广东,2023,物理类,602,25519
深圳大学,其他类,广东,2023,物理类,608,21639
深圳大学,其他类,广东,2023,物理类,597,29220
深圳大学(中外合作办学),其他类,广东,2023,物理类,584,39565
深圳大学(地方专项),其他类,广东,2023,物理类,602,25136
深圳大学(地方专项),其他类,广东,2023,物理类,584,39946
深圳大学(地方专项),其他类,广东,2023,物理类,574,48663
深圳大学(地方专项),其他类,广东,2023,物理类,586,37857
深圳大学(地方专项),其他类,广东,2023,物理类,580,43120
广东财经大学,数学类,广东,2023,物理类,545,81148
广东财经大学(联合培养),体育学类,广东,2023,物理类,539,87633
广东财经大学,经济学类,广东,2023,物理类,546,78966
广东财经大学(地方专项),建筑类,广东,2023,物理类,554,69560
广东财经大学(地方专项),外国语言文学类,广东,2023,物理类,535,92702
广西大学,哲学类,广东,2023,物理类,581,42310
广西科技大学,哲学类,广东,2023,物理类,520,113731
广西科技大学,数学类,广东,2023,物理类,522,110089
广西科技大学,物理学类,广东,2023,物理类,506,133495
广西科技大学,体育学类,广东,2023,物理类,481,170954
桂林电子科技大学(本科预科班),数学类,广东,2023,物理类,538,89475
桂林电子科技大学,物理学类,广东,2023,物理类,563,59533
桂林电子科技大学,体育学类,广东,2023,物理类,552,72771
桂林电子科技大学,法学类,广东,2023,物理类,563,60399
桂林理工大学,物理学类,广东,2023,物理类,524,108291
桂林理工大学,体育学类,广东,2023,物理类,535,93069
桂林理工大学,法学类,广东,2023,物理类,479,173945
桂林理工大学(中外合作办学),管理学类,广东,2023,物理类,521,111795
广西医科大学,哲学类,广东,2023,物理类,495,149914
广西医科大学,数学类,广东,2023,物理类,566,56411
广西医科大学(联合培养),物理学类,广东,2023,物理类,544,82486
右江民族医学院,体育学类,广东,2023,物理类,502,138788
右江民族医学院,法学类,广东,2023,物理类,494,150324
右江民族医学院,经济学类,广东,2023,物理类,522,111289
右江民族医学院,管理学类,广东,2023,物理类,513,123172
右江民族医学院,教育学类,广东,2023,物理类,551,73012
右江民族医学院,建筑类,广东,2023,物理类,515,119765
广西中医药大学,体育学类,广东,2023,物理类,574,48707
广西中医药大学,法学类,广东,2023,物理类,568,54278
广西中医药大学,经济学类,广东,2023,物理类,545,81088
广西中医药大学,管理学类,广东,2023,物理类,573,50220
广西中医药大学,教育学类,广东,2023,物理类,521,111846
广西中医药大学,新闻传播学类,广东,2023,物理类,547,77941
桂林医学院,哲学类,广东,2023,物理类,553,71503
桂林医学院,数学类,广东,2023,物理类,518,115591
广西师范大学,物理学类,广东,2023,物理类,576,47104
广西师范大学,体育学类,广东,2023,物理类,542,83951
广西师范大学,法学类,广东,2023,物理类,571,51531
广西师范大学,经济学类,广东,2023,物理类,574,48475
广西师范大学,管理学类,广东,2023,物理类,567,55902
广西师范大学,计算机类,广东,2023,物理类,530,99854
南宁师范大学,数学类,广东,2023,物理类,527,104392
南宁师范大学,物理学类,广东,2023,物理类,552,72027
南宁师范大学,体育学类,广东,2023,物理类,516,119343
南宁师范大学,法学类,广东,2023,物理类,552,72052
南宁师范大学(内地台湾合作办学),教育学类,广东,2023,物理类,522,110913
河池学院,哲学类,广东,2023,物理类,504,135832
河池学院,数学类,广东,2023,物理类,494,150193
玉林师范学院,物理学类,广东,2023,物理类,497,145791
玉林师范学院,体育学类,广东,2023,物理类,494,151160
玉林师范学院,法学类,广东,2023,物理类,495,149507
玉林师范学院,经济学类,广东,2023,物理类,499,143409
广西艺术学院,数学类,广东,2023,物理类,495,149032
广西民族大学,体育学类,广东,2023,物理类,529,101650
广西民族大学,法学类,广东,2023,物理类,500,141701
广西民族大学,经济学类,广东,2023,物理类,536,92588
广西民族大学,管理学类,广东,2023,物理类,512,124422
广西民族大学(联合培养),教育学类,广东,2023,物理类,505,134411
广西民族大学,中国语言文学类,广东,2023,物理类,509,128565
广西民族大学,艺术设计类,广东,2023,物理类,521,112531
广西民族大学(联合培养),历史学类,广东,2023,物理类,529,101672
四川大学,物理学类,广东,2023,物理类,624,12705
四川大学,体育学类,广东,2023,物理类,631,9904
四川大学,法学类,广东,2023,物理类,623,13313
四川大学(中外合作办学),教育学类,广东,2023,物理类,620,14637
四川大学(中外合作办学),外国语言文学类,广东,2023,物理类,621,14237
四川大学,艺术设计类,广东,2023,物理类,650,4071
四川大学,生物科学类,广东,2023,物理类,668,1165
重庆大学,数学类,广东,2023,物理类,623,13567
重庆大学,物理学类,广东,2023,物理类,620,15003
重庆大学(中外合作办学),新闻传播学类,广东,2023,物理类,620,14553
西南交通大学,物理学类,广东,2023,物理类,610,20101
西南交通大学,体育学类,广东,2023,物理类,614,17838
西南交通大学,法学类,广东,2023,物理类,609,20949
西南交通大学(中外合作办学),管理学类,广东,2023,物理类,580,42900
西南交通大学(中外合作办学),教育学类,广东,2023,物理类,584,39845
西南交通大学(中外合作办学),新闻传播学类,广东,2023,物理类,591,33640
电子科技大学,哲学类,广东,2023,物理类,645,5130
西南石油大学,经济学类,广东,2023,物理类,571,51451
西南石油大学,管理学类,广东,2023,物理类,570,52300
西南石油大学,新闻传播学类,广东,2023,物理类,578,44624
西南石油大学,建筑类,广东,2023,物理类,573,49713
西南石油大学,外国语言文学类,广东,2023,物理类,566,57013
西南石油大学,中国语言文学类,广东,2023,物理类,560,63743
成都理工大学,物理学类,广东,2023,物理类,565,57838
成都理工大学,体育学类,广东,2023,物理类,568,55041
成都理工大学,法学类,广东,2023,物理类,577,46026
成都理工大学,经济学类,广东,2023,物理类,573,49650
成都理工大学(中外合作办学),教育学类,广东,2023,物理类,576,46360
成都理工大学(中外合作办学),新闻传播学类,广东,2023,物理类,553,70853
成都理工大学,建筑类,广东,2023,物理类,564,59253
成都理工大学,外国语言文学类,广东,2023,物理类,574,48360
成都理工大学,中国语言文学类,广东,2023,物理类,590,34097
成都理工大学,艺术设计类,广东,2023,物理类,570,52846
成都理工大学,化学类,广东,2023,物理类,567,56222
重庆邮电大学,哲学类,广东,2023,物理类,571,51430
重庆邮电大学,数学类,广东,2023,物理类,582,41366
重庆邮电大学(中外合作办学),经济学类,广东,2023,物理类,576,46564
重庆交通大学,物理学类,广东,2023,物理类,547,77932
重庆交通大学,体育学类,广东,2023,物理类,548,77424
重庆交通大学,法学类,广东,2023,物理类,552,72056
西南科技大学,法学类,广东,2023,物理类,546,79201
西南科技大学,经济学类,广东,2023,物理类,533,96119
西南科技大学,管理学类,广东,2023,物理类,537,90584
西南科技大学(中外合作办学),新闻传播学类,广东,2023,物理类,519,115317
成都信息工程大学,数学类,广东,2023,物理类,570,53180
四川轻化工大学,数学类,广东,2023,物理类,536,92043
四川轻化工大学,物理学类,广东,2023,物理类,531,99176
四川轻化工大学,体育学类,广东,2023,物理类,530,99763
西华大学(本科预科班),物理学类,广东,2023,物理类,464,197374
西华大学,体育学类,广东,2023,物理类,548,77446
中国民用航空飞行学院,体育学类,广东,2023,物理类,529,101374
中国民用航空飞行学院,法学类,广东,2023,物理类,527,103528
中国民用航空飞行学院,经济学类,广东,2023,物理类,526,104733
中国民用航空飞行学院,管理学类,广东,2023,物理类,524,108432
中国民用航空飞行学院,教育学类,广东,2023,物理类,522,110774
中国民用航空飞行学院,新闻传播学类,广东,2023,物理类,540,86627
四川农业大学,哲学类,广东,2023,物理类,555,69190
四川农业大学,数学类,广东,2023,物理类,572,50292
四川农业大学,物理学类,广东,2023,物理类,571,51687
四川农业大学,体育学类,广东,2023,物理类,572,50439
西昌学院,哲学类,广东,2023,物理类,516,118678
重庆医科大学,数学类,广东,2023,物理类,567,56232
重庆医科大学,物理学类,广东,2023,物理类,599,27794
重庆医科大学(中外合作办学),体育学类,广东,2023,物理类,596,29647
西南医科大学,哲学类,广东,2023,物理类,554,70054
西南医科大学,数学类,广东,2023,物理类,537,91041
西南医科大学,物理学类,广东,2023,物理类,558,65710
成都中医药大学,数学类,广东,2023,物理类,544,81922
成都中医药大学,物理学类,广东,2023,物理类,581,42255
成都中医药大学(联合培养),体育学类,广东,2023,物理类,551,73055
成都中医药大学(中外合作办学),经济学类,广东,2023,物理类,546,80081
成都中医药大学(中外合作办学),管理学类,广东,2023,物理类,530,99892
成都中医药大学(联合培养),新闻传播学类,广东,2023,物理类,541,85434
成都中医药大学,外国语言文学类,广东,2023,物理类,559,64656
川北医学院,物理学类,广东,2023,物理类,557,66020
川北医学院,体育学类,广东,2023,物理类,558,65784
西南大学,体育学类,广东,2023,物理类,606,22785
西南大学,法学类,广东,2023,物理类,598,28618
西南大学,经济学类,广东,2023,物理类,602,25568
西南大学(中外合作办学),化学类,广东,2023,物理类,600,26900
西南大学(中外合作办学),材料类,广东,2023,物理类,578,45396
西南大学,计算机类,广东,2023,物理类,610,20425
西南大学,历史学类,广东,2023,物理类,607,21930
西南大学,地理科学类,广东,2023,物理类,604,23791
西南大学(中外合作办学),农林科学类,广东,2023,物理类,604,24148
西南大学(中外合作办学),林业工程类,广东,2023,物理类,586,38002
四川师范大学,法学类,广东,2023,物理类,512,124138
四川师范大学,经济学类,广东,2023,物理类,545,80985
四川师范大学,管理学类,广东,2023,物理类,566,56682
四川师范大学,教育学类,广东,2023,物理类,562,60896
重庆师范大学,物理学类,广东,2023,物理类,546,79997
重庆师范大学,体育学类,广东,2023,物理类,552,72069
重庆师范大学,法学类,广东,2023,物理类,545,80989
重庆师范大学,经济学类,广东,2023,物理类,592,33122
西华师范大学,数学类,广东,2023,物理类,515,120190
西华师范大学,物理学类,广东,2023,物理类,540,86956
内江师范学院,体育学类,广东,2023,物理类,504,135615
内江师范学院,法学类,广东,2023,物理类,500,141392
内江师范学院,经济学类,广东,2023,物理类,519,115249
内江师范学院,管理学类,广东,2023,物理类,506,133693
重庆三峡学院,物理学类,广东,2023,物理类,528,102804
重庆三峡学院,体育学类,广东,2023,物理类,511,126113
四川文理学院,数学类,广东,2023,物理类,494,151452
长江师范学院,数学类,广东,2023,物理类,511,125755
长江师范学院(中外合作办学),物理学类,广东,2023,物理类,490,156803
乐山师范学院,数学类,广东,2023,物理类,502,139612
乐山师范学院,物理学类,广东,2023,物理类,495,148833
四川外国语大学,物理学类,广东,2023,物理类,544,82438
四川外国语大学,体育学类,广东,2023,物理类,551,73655
四川外国语大学(中外合作办学),管理学类,广东,2023,物理类,537,90925
四川外国语大学(中外合作办学),教育学类,广东,2023,物理类,542,83933
西南财经大学,数学类,广东,2023,物理类,610,19970
西南财经大学(中外合作办学),法学类,广东,2023,物理类,596,29738
西南政法大学,物理学类,广东,2023,物理类,599,27385
西南政法大学,体育学类,广东,2023,物理类,602,25653
西南政法大学(中外合作办学),经济学类,广东,2023,物理类,624,13041
四川音乐学院,数学类,广东,2023,物理类,536,92381
四川音乐学院,体育学类,广东,2023,物理类,550,74502
四川音乐学院(联合培养),法学类,广东,2023,物理类,534,94999
四川美术学院,数学类,广东,2023,物理类,540,87428
西南民族大学,数学类,广东,2023,物理类,536,92092
西南民族大学,法学类,广东,2023,物理类,533,95954
西南民族大学,经济学类,广东,2023,物理类,546,79172
贵州大学,数学类,广东,2023,物理类,587,37366
贵州大学,物理学类,广东,2023,物理类,585,38474
贵州大学,体育学类,广东,2023,物理类,578,44824
贵州大学(中外合作办学),法学类,广东,2023,物理类,574,48842
贵州大学(中外合作办学),经济学类,广东,2023,物理类,549,75504
贵州大学(中外合作办学),教育学类,广东,2023,物理类,570,52622
贵州医科大学,哲学类,广东,2023,物理类,570,52997
贵州医科大学(中外合作办学),物理学类,广东,2023,物理类,524,107978
遵义医科大学,物理学类,广东,2023,物理类,513,122743
遵义医科大学,体育学类,广东,2023,物理类,550,75031
遵义医科大学,法学类,广东,2023,物理类,529,101342
遵义医科大学,管理学类,广东,2023,物理类,507,131855
遵义医科大学,教育学类,广东,2023,物理类,511,125368
遵义医科大学,新闻传播学类,广东,2023,物理类,526,105703
遵义医科大学,建筑类,广东,2023,物理类,529,101168
遵义医科大学,外国语言文学类,广东,2023,物理类,516,119083
遵义医科大学,中国语言文学类,广东,2023,物理类,566,57029
贵州中医药大学,物理学类,广东,2023,物理类,568,54472
贵州中医药大学,体育学类,广东,2023,物理类,542,84709
贵州中医药大学(中外合作办学),法学类,广东,2023,物理类,502,139239
贵州师范大学,经济学类,广东,2023,物理类,537,90497
贵州师范大学,管理学类,广东,2023,物理类,557,66914
贵州师范大学(中外合作办学),教育学类,广东,2023,物理类,531,98314
安顺学院,体育学类,广东,2023,物理类,495,148691
安顺学院,法学类,广东,2023,物理类,500,141314
贵州工程应用技术学院,数学类,广东,2023,物理类,495,149950
贵州工程应用技术学院,法学类,广东,2023,物理类,500,142010
凯里学院(中外合作办学),法学类,广东,2023,物理类,491,155297
贵州财经大学,数学类,广东,2023,物理类,536,92161
云南大学,物理学类,广东,2023,物理类,579,43890
云南大学,体育学类,广东,2023,物理类,594,31078
云南大学,法学类,广东,2023,物理类,588,36169
云南大学,经济学类,广东,2023,物理类,605,23273
云南大学,管理学类,广东,2023,物理类,598,28100
云南大学(中外合作办学),新闻传播学类,广东,2023,物理类,560,63475
昆明理工大学,数学类,广东,2023,物理类,557,66449
昆明理工大学,物理学类,广东,2023,物理类,553,70778
昆明理工大学,体育学类,广东,2023,物理类,558,65901
云南农业大学,哲学类,广东,2023,物理类,531,98336
云南农业大学,数学类,广东,2023,物理类,538,89889
云南农业大学(中外合作办学),物理学类,广东,2023,物理类,508,130472
西南林业大学,哲学类,广东,2023,物理类,532,96578
西南林业大学,数学类,广东,2023,物理类,521,111808
西南林业大学,物理学类,广东,2023,物理类,520,113335
西南林业大学,体育学类,广东,2023,物理类,540,86711
西南林业大学,法学类,广东,2023,物理类,529,100669
西南林业大学,经济学类,广东,2023,物理类,490,156181
西南林业大学(中外合作办学),教育学类,广东,2023,物理类,516,119316
昆明医科大学,数学类,广东,2023,物理类,560,63552
昆明医科大学,物理学类,广东,2023,物理类,536,92322
昆明医科大学,体育学类,广东,2023,物理类,587,36879
昆明医科大学(中外合作办学),法学类,广东,2023,物理类,504,136701
大理大学,数学类,广东,2023,物理类,525,106892
大理大学,物理学类,广东,2023,物理类,544,82002
大理大学,体育学类,广东,2023,物理类,523,109701
大理大学,法学类,广东,2023,物理类,516,119203
云南中医药大学,物理学类,广东,2023,物理类,541,85407
云南中医药大学,体育学类,广东,2023,物理类,529,100714
云南师范大学,数学类,广东,2023,物理类,545,81033
云南师范大学,物理学类,广东,2023,物理类,566,56835
云南师范大学,体育学类,广东,2023,物理类,556,67384
普洱学院,哲学类,广东,2023,物理类,496,147275
红河学院,数学类,广东,2023,物理类,493,152291
红河学院,物理学类,广东,2023,物理类,494,150571
云南财经大学,物理学类,广东,2023,物理类,517,117248
云南财经大学,体育学类,广东,2023,物理类,540,87228
云南财经大学,法学类,广东,2023,物理类,524,108536
云南财经大学(中外合作办学),管理学类,广东,2023,物理类,525,106677
云南财经大学(中外合作办学),教育学类,广东,2023,物理类,497,146194
西藏大学,物理学类,广东,2023,物理类,538,89428
西藏大学,体育学类,广东,2023,物理类,546,78897
西藏大学,法学类,广东,2023,物理类,555,68802
西藏大学,经济学类,广东,2023,物理类,555,68583
西北大学,数学类,广东,2023,物理类,609,20911
西北大学(中外合作办学),物理学类,广东,2023,物理类,585,39094
西安交通大学,数学类,广东,2023,物理类,655,2961
西安交通大学(学分互认),物理学类,广东,2023,物理类,651,3854
西安交通大学(中外合作办学),体育学类,广东,2023,物理类,617,16018
西北工业大学,数学类,广东,2023,物理类,640,6628
西北工业大学,物理学类,广东,2023,物理类,636,8040
西安理工大学,哲学类,广东,2023,物理类,566,57157
西安理工大学(中外合作办学),数学类,广东,2023,物理类,556,67536
西安电子科技大学,哲学类,广东,2023,物理类,633,9055
西安电子科技大学(中外合作办学),数学类,广东,2023,物理类,613,18375
西安工业大学,数学类,广东,2023,物理类,550,74773
西安工业大学(中外合作办学),物理学类,广东,2023,物理类,545,80784
西安建筑科技大学,哲学类,广东,2023,物理类,555,69310
西安建筑科技大学,数学类,广东,2023,物理类,548,76633
西安建筑科技大学(中外合作办学),物理学类,广东,2023,物理类,550,74343
西安建筑科技大学(中外合作办学),体育学类,广东,2023,物理类,545,80304
西安科技大学,物理学类,广东,2023,物理类,549,75692
西安科技大学,体育学类,广东,2023,物理类,549,76181
西安科技大学,法学类,广东,2023,物理类,554,70320
西安科技大学,经济学类,广东,2023,物理类,544,82232
西安科技大学(中外合作办学),教育学类,广东,2023,物理类,536,92448
西安石油大学,物理学类,广东,2023,物理类,525,107271
西安石油大学,体育学类,广东,2023,物理类,544,81982
西安石油大学,法学类,广东,2023,物理类,563,60278
西安石油大学,经济学类,广东,2023,物理类,543,83175
西安石油大学,管理学类,广东,2023,物理类,541,85709
陕西科技大学,数学类,广东,2023,物理类,556,67816
陕西科技大学,物理学类,广东,2023,物理类,553,71571
陕西科技大学(中外合作办学),法学类,广东,2023,物理类,544,82100
西安工程大学,哲学类,广东,2023,物理类,554,70333
西安工程大学,数学类,广东,2023,物理类,528,102307
西安工程大学,物理学类,广东,2023,物理类,523,109171
长安大学,数学类,广东,2023,物理类,589,35328
长安大学,物理学类,广东,2023,物理类,595,30275
长安大学(中外合作办学),体育学类,广东,2023,物理类,576,46451
长安大学(中外合作办学),法学类,广东,2023,物理类,579,44047
长安大学(中外合作办学),经济学类,广东,2023,物理类,582,40947
西北农林科技大学,物理学类,广东,2023,物理类,602,25683
西北农林科技大学,体育学类,广东,2023,物理类,594,31134
西北农林科技大学,法学类,广东,2023,物理类,606,23059
西北农林科技大学,经济学类,广东,2023,物理类,601,26405
西北农林科技大学(中外合作办学),教育学类,广东,2023,物理类,582,41708
西北农林科技大学,新闻传播学类,广东,2023,物理类,595,30430
西北农林科技大学,建筑类,广东,2023,物理类,600,26511
西北农林科技大学(中外合作办学),外国语言文学类,广东,2023,物理类,587,37070
西北农林科技大学,艺术设计类,广东,2023,物理类,597,29169
陕西中医药大学,哲学类,广东,2023,物理类,552,72901
陕西中医药大学,数学类,广东,2023,物理类,550,74880
陕西师范大学,物理学类,广东,2023,物理类,619,15241
陕西师范大学,体育学类,广东,2023,物理类,537,90865
陕西师范大学,法学类,广东,2023,物理类,605,23388
陕西师范大学,经济学类,广东,2023,物理类,606,22932
陕西师范大学,管理学类,广东,2023,物理类,598,28054
陕西师范大学,教育学类,广东,2023,物理类,605,23450
延安大学,物理学类,广东,2023,物理类,513,123549
陕西理工大学,物理学类,广东,2023,物理类,531,99115
陕西理工大学,体育学类,广东,2023,物理类,529,100924
陕西理工大学(中外合作办学),经济学类,广东,2023,物理类,509,129405
陕西理工大学,管理学类,广东,2023,物理类,539,88270
宝鸡文理学院,哲学类,广东,2023,物理类,495,149177
咸阳师范学院,数学类,广东,2023,物理类,504,135805
咸阳师范学院,物理学类,广东,2023,物理类,513,123489
西安外国语大学,物理学类,广东,2023,物理类,555,69041
西安外国语大学,体育学类,广东,2023,物理类,539,87612
西北政法大学,数学类,广东,2023,物理类,600,26576
兰州大学,新闻传播学类,广东,2023,物理类,615,17623
兰州大学,建筑类,广东,2023,物理类,613,18632
兰州大学,外国语言文学类,广东,2023,物理类,611,19581
兰州大学(中外合作办学),艺术设计类,广东,2023,物理类,611,19896
兰州大学,化学类,广东,2023,物理类,615,17394
兰州大学,材料类,广东,2023,物理类,615,17206
兰州大学,计算机类,广东,2023,物理类,620,14587
兰州大学,历史学类,广东,2023,物理类,626,12103
兰州理工大学,数学类,广东,2023,物理类,514,121591
兰州理工大学,物理学类,广东,2023,物理类,505,133933
兰州理工大学,法学类,广东,2023,物理类,542,84761
兰州交通大学,数学类,广东,2023,物理类,544,82501
甘肃农业大学,数学类,广东,2023,物理类,495,148869
甘肃中医药大学,哲学类,广东,2023,物理类,501,140490
甘肃中医药大学,数学类,广东,2023,物理类,514,121968
甘肃中医药大学,物理学类,广东,2023,物理类,506,132865
甘肃中医药大学,体育学类,广东,2023,物理类,545,80822
甘肃中医药大学,法学类,广东,2023,物理类,508,129624
西北师范大学,经济学类,广东,2023,物理类,532,96846
西北师范大学,管理学类,广东,2023,物理类,532,97370
西北师范大学,教育学类,广东,2023,物理类,533,96137
陇东学院,物理学类,广东,2023,物理类,489,158872
陇东学院,体育学类,广东,2023,物理类,492,153515
陇东学院,法学类,广东,2023,物理类,493,153015
陇东学院,经济学类,广东,2023,物理类,493,151607
陇东学院,管理学类,广东,2023,物理类,491,155399
天水师范学院,体育学类,广东,2023,物理类,493,152871
天水师范学院,法学类,广东,2023,物理类,491,154977
兰州财经大学,物理学类,广东,2023,物理类,507,131628
兰州财经大学(联合培养),体育学类,广东,2023,物理类,506,133035
西北民族大学,体育学类,广东,2023,物理类,516,119310
西北民族大学,经济学类,广东,2023,物理类,506,133336
青海大学,哲学类,广东,2023,物理类,548,76634
青海大学,数学类,广东,2023,物理类,549,76067
青海大学,物理学类,广东,2023,物理类,554,69649
青海师范大学,体育学类,广东,2023,物理类,519,114256
青海师范大学,法学类,广东,2023,物理类,520,113177
青海师范大学,经济学类,广东,2023,物理类,511,126491
宁夏大学,数学类,广东,2023,物理类,572,50975
宁夏大学(中外合作办学),体育学类,广东,2023,物理类,530,100111
宁夏医科大学,哲学类,广东,2023,物理类,505,134499
宁夏医科大学,数学类,广东,2023,物理类,553,70780
宁夏医科大学,物理学类,广东,2023,物理类,511,125525
宁夏医科大学,体育学类,广东,2023,物理类,540,86922
新疆大学,物理学类,广东,2023,物理类,553,71146
新疆大学,体育学类,广东,2023,物理类,556,67620
新疆大学,法学类,广东,2023,物理类,552,72784
新疆大学,经济学类,广东,2023,物理类,564,58788
新疆大学,管理学类,广东,2023,物理类,559,64341
新疆大学,教育学类,广东,2023,物理类,555,68622
塔里木大学,哲学类,广东,2023,物理类,492,154278
塔里木大学,数学类,广东,2023,物理类,490,156612
塔里木大学,物理学类,广东,2023,物理类,490,156821
新疆农业大学,数学类,广东,2023,物理类,493,151602
新疆农业大学,物理学类,广东,2023,物理类,493,152942
新疆农业大学,体育学类,广东,2023,物理类,492,154455
新疆农业大学(中外合作办学),法学类,广东,2023,物理类,487,161777
新疆农业大学,管理学类,广东,2023,物理类,493,151617
石河子大学,哲学类,广东,2023,物理类,546,80084
石河子大学,数学类,广东,2023,物理类,544,81683
石河子大学,物理学类,广东,2023,物理类,542,84171
石河子大学,体育学类,广东,2023,物理类,543,83715
新疆医科大学,哲学类,广东,2023,物理类,538,90039
新疆医科大学,数学类,广东,2023,物理类,521,111930
新疆医科大学,物理学类,广东,2023,物理类,524,107718
新疆师范大学,体育学类,广东,2023,物理类,526,105890
新疆师范大学,法学类,广东,2023,物理类,519,114536
新疆师范大学,经济学类,广东,2023,物理类,501,139836
新疆师范大学,管理学类,广东,2023,物理类,511,126473
喀什大学,体育学类,广东,2023,物理类,493,152587
喀什大学,法学类,广东,2023,物理类,509,129596
喀什大学,经济学类,广东,2023,物理类,505,135050
喀什大学,管理学类,广东,2023,物理类,492,154231
伊犁师范大学,物理学类,广东,2023,物理类,489,158766
伊犁师范大学,体育学类,广东,2023,物理类,494,150307
伊犁师范大学,法学类,广东,2023,物理类,498,144899
伊犁师范大学,经济学类,广东,2023,物理类,492,153928
新疆财经大学,物理学类,广东,2023,物理类,493,152023
新疆财经大学,体育学类,广东,2023,物理类,497,146807
新疆财经大学,法学类,广东,2023,物理类,501,140966
天津城建大学,数学类,广东,2023,物理类,507,131239
天津城建大学,物理学类,广东,2023,物理类,525,106219
天津城建大学,体育学类,广东,2023,物理类,504,135424
天津城建大学(中外合作办学),法学类,广东,2023,物理类,494,151354
山西中医药大学,体育学类,广东,2023,物理类,537,90980
山西中医药大学,法学类,广东,2023,物理类,554,69782
山西中医药大学,经济学类,广东,2023,物理类,520,114044
吕梁学院,数学类,广东,2023,物理类,502,138486
广东白云学院,哲学类,广东,2023,物理类,470,186608
广东白云学院,数学类,广东,2023,物理类,461,201835
广东白云学院,物理学类,广东,2023,物理类,467,191889
广东白云学院,体育学类,广东,2023,物理类,470,186995
广东白云学院,法学类,广东,2023,物理类,462,199966
广东白云学院,经济学类,广东,2023,物理类,476,178300
广东白云学院,管理学类,广东,2023,物理类,463,198557
广东白云学院,教育学类,广东,2023,物理类,464,196427
广东白云学院,新闻传播学类,广东,2023,物理类,440,233819
广东白云学院(学分互认),建筑类,广东,2023,物理类,460,202677
长沙医学院,物理学类,广东,2023,物理类,506,133650
长沙医学院,体育学类,广东,2023,物理类,522,111036
长沙医学院,法学类,广东,2023,物理类,491,155861
辽宁对外经贸学院,数学类,广东,2023,物理类,465,194799
江西科技学院,数学类,广东,2023,物理类,485,163951
南京工业职业技术大学,数学类,广东,2023,物理类,509,128552
上海工程技术大学,数学类,广东,2023,物理类,547,78373
上海工程技术大学,物理学类,广东,2023,物理类,541,85753
浙江万里学院,数学类,广东,2023,物理类,515,120510
安徽建筑大学,哲学类,广东,2023,物理类,516,118480
安徽建筑大学,数学类,广东,2023,物理类,506,133721
安徽建筑大学,物理学类,广东,2023,物理类,524,107679
景德镇学院,数学类,广东,2023,物理类,506,132577
萍乡学院,数学类,广东,2023,物理类,502,138471
萍乡学院,物理学类,广东,2023,物理类,497,146304
萍乡学院,体育学类,广东,2023,物理类,495,148605
枣庄学院,哲学类,广东,2023,物理类,500,142261
山东工艺美术学院,哲学类,广东,2023,物理类,502,139304
山东工艺美术学院,数学类,广东,2023,物理类,492,153397
黄淮学院,哲学类,广东,2023,物理类,493,152655
黄淮学院,数学类,广东,2023,物理类,493,152866
黄淮学院(中外合作办学),体育学类,广东,2023,物理类,493,152265
平顶山学院,哲学类,广东,2023,物理类,504,135750
湖北理工学院,物理学类,广东,2023,物理类,525,106727
湖北理工学院,体育学类,广东,2023,物理类,543,82754
湖北理工学院,法学类,广东,2023,物理类,520,113437
湖北科技学院,哲学类,广东,2023,物理类,519,114585
湖北科技学院,数学类,广东,2023,物理类,542,84657
湖北医药学院,哲学类,广东,2023,物理类,559,64765
吉林外国语大学,经济学类,广东,2023,物理类,482,168398
吉林外国语大学(中外合作办学),外国语言文学类,广东,2023,物理类,466,194001
新疆工程学院,哲学类,广东,2023,物理类,491,154919
新疆工程学院,数学类,广东,2023,物理类,491,154699
沈阳大学,数学类,广东,2023,物理类,523,109848
沈阳大学,物理学类,广东,2023,物理类,516,118643
沈阳大学(中外合作办学),体育学类,广东,2023,物理类,511,126517
上海立信会计金融学院,数学类,广东,2023,物理类,552,71982
上海立信会计金融学院,物理学类,广东,2023,物理类,567,55407
金陵科技学院,数学类,广东,2023,物理类,529,101051
淮阴工学院,哲学类,广东,2023,物理类,507,131836
淮阴工学院,数学类,广东,2023,物理类,505,134318
淮阴工学院,物理学类,广东,2023,物理类,506,133092
淮阴工学院,体育学类,广东,2023,物理类,504,136136
徐州工程学院,物理学类,广东,2023,物理类,503,137315
徐州工程学院,体育学类,广东,2023,物理类,528,101898
常州工学院,哲学类,广东,2023,物理类,501,140706
浙江科技学院(联合培养),哲学类,广东,2023,物理类,540,86389
浙江科技学院,数学类,广东,2023,物理类,536,92583
宁波工程学院,数学类,广东,2023,物理类,525,106139
宁波工程学院(中外合作办学),物理学类,广东,2023,物理类,519,114802
合肥学院,哲学类,广东,2023,物理类,518,116293
合肥学院,数学类,广东,2023,物理类,509,128945
厦门理工学院,物理学类,广东,2023,物理类,553,71353
厦门理工学院(中外合作办学),法学类,广东,2023,物理类,545,80113
青岛大学,数学类,广东,2023,物理类,562,61084
青岛大学,物理学类,广东,2023,物理类,553,71225
青岛大学,体育学类,广东,2023,物理类,546,79301
青岛大学,法学类,广东,2023,物理类,546,79412
烟台大学(本科预科班),体育学类,广东,2023,物理类,457,207890
烟台大学,法学类,广东,2023,物理类,532,97304
潍坊学院,物理学类,广东,2023,物理类,496,148310
潍坊学院,体育学类,广东,2023,物理类,497,146142
郑州工程技术学院,物理学类,广东,2023,物理类,500,142236
郑州工程技术学院,体育学类,广东,2023,物理类,490,156344
郑州工程技术学院,法学类,广东,2023,物理类,494,150123
洛阳理工学院,数学类,广东,2023,物理类,503,137200
洛阳理工学院(中外合作办学),物理学类,广东,2023,物理类,492,153725
三峡大学,数学类,广东,2023,物理类,560,63086
三峡大学(中外合作办学),法学类,广东,2023,物理类,572,50965
三峡大学,经济学类,广东,2023,物理类,548,77203
三峡大学,管理学类,广东,2023,物理类,586,37472
长沙学院,数学类,广东,2023,物理类,530,100244
长沙学院,物理学类,广东,2023,物理类,528,102829
长沙学院,教育学类,广东,2023,物理类,518,115729
长沙学院,新闻传播学类,广东,2023,物理类,517,117449
广州大学,哲学类,广东,2023,物理类,584,39665
广州大学,数学类,广东,2023,物理类,573,49397
广州大学,物理学类,广东,2023,物理类,570,52687
广州大学,体育学类,广东,2023,物理类,453,213265
广州大学,法学类,广东,2023,物理类,560,63250
广州大学,经济学类,广东,2023,物理类,569,53769
广州大学,管理学类,广东,2023,物理类,557,66714
广州大学,教育学类,广东,2023,物理类,562,60866
广州大学,新闻传播学类,广东,2023,物理类,566,56891
广州大学,建筑类,广东,2023,物理类,570,52506
广州大学,外国语言文学类,广东,2023,物理类,557,66223
广州大学(地方专项),自动化类,广东,2023,物理类,544,81911
广州大学(中外合作办学),其他类,广东,2023,物理类,546,79813
成都大学,物理学类,广东,2023,物理类,560,63053
成都大学,体育学类,广东,2023,物理类,554,69850
成都大学,法学类,广东,2023,物理类,554,70009
成都大学,经济学类,广东,2023,物理类,559,64771
成都大学,管理学类,广东,2023,物理类,557,66994
成都大学(中外合作办学),艺术设计类,广东,2023,物理类,539,88740
成都大学(中外合作办学),生物科学类,广东,2023,物理类,541,85133
西安文理学院,物理学类,广东,2023,物理类,522,111082
西安文理学院,体育学类,广东,2023,物理类,502,138522
海南热带海洋学院,物理学类,广东,2023,物理类,515,120438
海南热带海洋学院,体育学类,广东,2023,物理类,500,142406
海南热带海洋学院,法学类,广东,2023,物理类,499,143780
海南热带海洋学院(中外合作办学),建筑类,广东,2023,物理类,492,154328
海南热带海洋学院,外国语言文学类,广东,2023,物理类,503,138038
海南热带海洋学院,中国语言文学类,广东,2023,物理类,516,119077
海南热带海洋学院,艺术设计类,广东,2023,物理类,507,132007
海南热带海洋学院(中外合作办学),历史学类,广东,2023,物理类,491,155129
华北科技学院,物理学类,广东,2023,物理类,508,130078
华北科技学院,体育学类,广东,2023,物理类,494,151127
华北科技学院,管理学类,广东,2023,物理类,500,141796
华北科技学院,教育学类,广东,2023,物理类,489,158350
华北科技学院,新闻传播学类,广东,2023,物理类,517,118132
华北科技学院,建筑类,广东,2023,物理类,494,150458
华北科技学院,外国语言文学类,广东,2023,物理类,499,143472
中国人民警察大学,哲学类,广东,2023,物理类,539,88475
广州航海学院,哲学类,广东,2023,物理类,517,117289
广州航海学院,数学类,广东,2023,物理类,501,140319
广州航海学院,物理学类,广东,2023,物理类,505,134620
广州航海学院(中外合作办学),体育学类,广东,2023,物理类,494,151096
广州航海学院(联合培养),法学类,广东,2023,物理类,511,126498
广州航海学院(联合培养),经济学类,广东,2023,物理类,506,132596
广州航海学院(联合培养),管理学类,广东,2023,物理类,504,136716
广州航海学院(中外合作办学),教育学类,广东,2023,物理类,479,173784
广东警官学院,哲学类,广东,2023,物理类,536,91585
广东警官学院,物理学类,广东,2023,物理类,540,87411
深圳职业技术大学,哲学类,广东,2023,物理类,570,53155
深圳职业技术大学,数学类,广东,2023,物理类,557,66729
深圳职业技术大学,物理学类,广东,2023,物理类,555,69130
成都工业学院,哲学类,广东,2023,物理类,542,84694
扬州大学,物理学类,广东,2023,物理类,559,63806
扬州大学,体育学类,广东,2023,物理类,559,63920
三江学院,物理学类,广东,2023,物理类,471,185131
三江学院,体育学类,广东,2023,物理类,484,166453
三江学院,法学类,广东,2023,物理类,482,168413
齐齐哈尔医学院,数学类,广东,2023,物理类,538,89446
齐齐哈尔医学院,物理学类,广东,2023,物理类,513,123391
北京信息科技大学,哲学类,广东,2023,物理类,576,47014
太原学院,物理学类,广东,2023,物理类,495,149705
太原学院,体育学类,广东,2023,物理类,497,146265
大连大学,哲学类,广东,2023,物理类,545,80134
吉林工商学院,数学类,广东,2023,物理类,494,151055
吉林工商学院,物理学类,广东,2023,物理类,497,146224
南京工程学院,数学类,广东,2023,物理类,568,54351
南京审计大学,数学类,广东,2023,物理类,576,47042
南京审计大学(中外合作办学),体育学类,广东,2023,物理类,567,55406
三明学院,物理学类,广东,2023,物理类,509,129268
三明学院,法学类,广东,2023,物理类,527,104428
三明学院,经济学类,广东,2023,物理类,508,129980
江西科技师范大学,法学类,广东,2023,物理类,552,72583
江西科技师范大学,经济学类,广东,2023,物理类,516,119110
江西科技师范大学,管理学类,广东,2023,物理类,513,122630
江西科技师范大学,教育学类,广东,2023,物理类,506,133061
南昌工程学院,物理学类,广东,2023,物理类,523,108665
南昌工程学院,体育学类,广东,2023,物理类,518,116795
南昌工程学院(中外合作办学),管理学类,广东,2023,物理类,494,151332
信阳农林学院,物理学类,广东,2023,物理类,500,141861
信阳农林学院,体育学类,广东,2023,物理类,496,147973
信阳农林学院,法学类,广东,2023,物理类,491,154684
安阳工学院(中外合作办学),物理学类,广东,2023,物理类,495,150065
荆楚理工学院(中外合作办学),体育学类,广东,2023,物理类,492,153625
湖南工程学院,数学类,广东,2023,物理类,524,108443
湖南工程学院,物理学类,广东,2023,物理类,500,142511
仲恺农业工程学院,数学类,广东,2023,物理类,507,131705
仲恺农业工程学院,物理学类,广东,2023,物理类,505,134039
仲恺农业工程学院,体育学类,广东,2023,物理类,530,100072
仲恺农业工程学院,法学类,广东,2023,物理类,510,127256
仲恺农业工程学院,经济学类,广东,2023,物理类,504,135551
仲恺农业工程学院,管理学类,广东,2023,物理类,505,134244
仲恺农业工程学院(协同培养),教育学类,广东,2023,物理类,494,150687
五邑大学,哲学类,广东,2023,物理类,513,123833
五邑大学,数学类,广东,2023,物理类,499,143370
五邑大学,物理学类,广东,2023,物理类,499,143925
五邑大学,体育学类,广东,2023,物理类,488,159891
五邑大学,法学类,广东,2023,物理类,517,117769
五邑大学,经济学类,广东,2023,物理类,498,145229
五邑大学,管理学类,广东,2023,物理类,527,103241
五邑大学,教育学类,广东,2023,物理类,509,128852
五邑大学,新闻传播学类,广东,2023,物理类,516,118554
五邑大学,建筑类,广东,2023,物理类,489,157965
梧州学院,体育学类,广东,2023,物理类,497,145742
梧州学院,法学类,广东,2023,物理类,496,148533
梧州学院,经济学类,广东,2023,物理类,492,153183
梧州学院,新闻传播学类,广东,2023,物理类,500,142160
攀枝花学院,数学类,广东,2023,物理类,497,146373
玉溪师范学院,数学类,广东,2023,物理类,502,139350
昆明学院,法学类,广东,2023,物理类,512,124574
昆明学院,经济学类,广东,2023,物理类,496,147844
昆明学院,管理学类,广东,2023,物理类,542,84538
商洛学院,数学类,广东,2023,物理类,492,153526
商洛学院,物理学类,广东,2023,物理类,507,131885
西安培华学院,物理学类,广东,2023,物理类,486,162718
西安培华学院,体育学类,广东,2023,物理类,479,173249
甘肃政法大学,物理学类,广东,2023,物理类,547,77828
北方民族大学,物理学类,广东,2023,物理类,506,132673
北方民族大学(中外合作办学),经济学类,广东,2023,物理类,501,140785
中国矿业大学(北京),哲学类,广东,2023,物理类,593,31686
中国石油大学(北京),物理学类,广东,2023,物理类,607,22349
中国石油大学(北京),体育学类,广东,2023,物理类,607,22198
中国地质大学(北京),数学类,广东,2023,物理类,600,26552
中国地质大学(北京),物理学类,广东,2023,物理类,591,33781
中国地质大学(北京),体育学类,广东,2023,物理类,613,18674
北京联合大学,数学类,广东,2023,物理类,550,74970
北京城市学院,数学类,广东,2023,物理类,489,157797
北京城市学院,物理学类,广东,2023,物理类,500,141692
北京城市学院(国际班),中国语言文学类,广东,2023,物理类,487,161978
河北金融学院,数学类,广东,2023,物理类,490,156035
长春工程学院(本科预科班),数学类,广东,2023,物理类,440,233835
长春工程学院,物理学类,广东,2023,物理类,493,152324
吉林农业科技学院,物理学类,广东,2023,物理类,493,152693
吉林农业科技学院,体育学类,广东,2023,物理类,494,151030
黑龙江东方学院,哲学类,广东,2023,物理类,462,199633
上海电机学院,数学类,广东,2023,物理类,543,83665
上海电机学院(中外合作办学),法学类,广东,2023,物理类,537,90834
江苏理工学院,数学类,广东,2023,物理类,549,75345
江苏理工学院,物理学类,广东,2023,物理类,529,100905
江苏理工学院,体育学类,广东,2023,物理类,527,103250
浙江财经大学,数学类,广东,2023,物理类,556,67751
浙江财经大学(中外合作办学),体育学类,广东,2023,物理类,563,60320
江西警察学院,数学类,广东,2023,物理类,524,108383
新余学院,数学类,广东,2023,物理类,501,140226
新余学院,物理学类,广东,2023,物理类,510,127804
新余学院,体育学类,广东,2023,物理类,496,148507
山东交通学院,哲学类,广东,2023,物理类,503,137441
山东交通学院,数学类,广东,2023,物理类,512,124130
河南工程学院,物理学类,广东,2023,物理类,504,136206
河南工程学院,体育学类,广东,2023,物理类,495,149617
河南工程学院,法学类,广东,2023,物理类,494,151507
河南工程学院,经济学类,广东,2023,物理类,503,137265
河南工程学院,教育学类,广东,2023,物理类,500,141781
湖南城市学院,物理学类,广东,2023,物理类,512,124238
湖南工学院,哲学类,广东,2023,物理类,508,130700
湖南财政经济学院,数学类,广东,2023,物理类,509,129237
湖南警察学院,物理学类,广东,2023,物理类,529,100740
湖南工业大学,数学类,广东,2023,物理类,543,82799
湖南工业大学,物理学类,广东,2023,物理类,539,88379
湖南工业大学,体育学类,广东,2023,物理类,526,105099
湖南女子学院,数学类,广东,2023,物理类,499,142837
广东金融学院,林业工程类,广东,2023,物理类,510,128057
广东金融学院(学分互认),环境科学与工程类,广东,2023,物理类,512,125244
广东金融学院(地方专项),食品科学与工程类,广东,2023,物理类,533,95421
电子科技大学中山学院,哲学类,广东,2023,物理类,484,166448
电子科技大学中山学院,数学类,广东,2023,物理类,485,164930
电子科技大学中山学院,物理学类,广东,2023,物理类,480,171442
电子科技大学中山学院,体育学类,广东,2023,物理类,481,170983
电子科技大学中山学院,管理学类,广东,2023,物理类,481,170776
广西科技师范学院,物理学类,广东,2023,物理类,502,138809
广西科技师范学院,体育学类,广东,2023,物理类,500,142423
广西财经学院,数学类,广东,2023,物理类,527,104492
广西财经学院(中外合作办学),物理学类,广东,2023,物理类,502,139558
南宁学院,数学类,广东,2023,物理类,482,168204
南宁学院,物理学类,广东,2023,物理类,470,187673
重庆科技学院,数学类,广东,2023,物理类,531,98886
四川旅游学院(中外合作办学),数学类,广东,2023,物理类,487,161192
西安财经大学,数学类,广东,2023,物理类,542,84159
西安财经大学(中外合作办学),物理学类,广东,2023,物理类,535,93866
湖北经济学院,数学类,广东,2023,物理类,533,96008
北部湾大学,物理学类,广东,2023,物理类,509,128903
北部湾大学,体育学类,广东,2023,物理类,506,133727
北部湾大学,法学类,广东,2023,物理类,517,117172
北部湾大学(中外合作办学),经济学类,广东,2023,物理类,490,156324
北部湾大学(中外合作办学),教育学类,广东,2023,物理类,494,150372
北华航天工业学院,数学类,广东,2023,物理类,519,114650
沈阳工程学院,哲学类,广东,2023,物理类,544,81547
宁波大学,数学类,广东,2023,物理类,584,39655
宁波大学,物理学类,广东,2023,物理类,577,45414
宁波大学,体育学类,广东,2023,物理类,574,48722
宁波大学,经济学类,广东,2023,物理类,575,47545
浙江传媒学院,物理学类,广东,2023,物理类,576,46763
浙江传媒学院,体育学类,广东,2023,物理类,542,84445
浙江传媒学院(中外合作办学),建筑类,广东,2023,物理类,574,49237
浙江传媒学院,外国语言文学类,广东,2023,物理类,530,100271
河南财政金融学院,数学类,广东,2023,物理类,499,143591
南阳理工学院,物理学类,广东,2023,物理类,496,148573
南阳理工学院,体育学类,广东,2023,物理类,497,147030
南阳理工学院,法学类,广东,2023,物理类,493,151647
南阳理工学院,经济学类,广东,2023,物理类,493,151789
南阳理工学院,管理学类,广东,2023,物理类,495,148685
南阳理工学院,教育学类,广东,2023,物理类,501,140320
广东石油化工学院,哲学类,广东,2023,物理类,497,145677
广东石油化工学院,数学类,广东,2023,物理类,506,132779
广东石油化工学院,物理学类,广东,2023,物理类,510,127807
广东石油化工学院,体育学类,广东,2023,物理类,511,126167
广东石油化工学院,法学类,广东,2023,物理类,510,127935
广东石油化工学院,经济学类,广东,2023,物理类,500,142551
广东石油化工学院,管理学类,广东,2023,物理类,499,142726
广东石油化工学院,教育学类,广东,2023,物理类,496,148524
广东石油化工学院,新闻传播学类,广东,2023,物理类,497,145663
海南师范大学,法学类,广东,2023,物理类,564,58591
海南师范大学,经济学类,广东,2023,物理类,544,82344
海南师范大学,管理学类,广东,2023,物理类,564,59132
海南师范大学,教育学类,广东,2023,物理类,563,60036
海南师范大学,新闻传播学类,广东,2023,物理类,569,53879
海南师范大学(中外合作办学),艺术设计类,广东,2023,物理类,516,118961
海南师范大学,材料类,广东,2023,物理类,553,71110
海南师范大学,计算机类,广东,2023,物理类,556,68112
海南师范大学,历史学类,广东,2023,物理类,539,88238
重庆理工大学,物理学类,广东,2023,物理类,558,65219
重庆理工大学,体育学类,广东,2023,物理类,548,77098
重庆理工大学,经济学类,广东,2023,物理类,555,68579
西安邮电大学(本科预科班),物理学类,广东,2023,物理类,503,136986
西安邮电大学,体育学类,广东,2023,物理类,571,51593
山东工商学院,体育学类,广东,2023,物理类,496,147057
长春大学,物理学类,广东,2023,物理类,514,121820
长春大学,体育学类,广东,2023,物理类,508,130051
长春大学(中外合作办学),经济学类,广东,2023,物理类,492,153139
长春大学(中外合作办学),管理学类,广东,2023,物理类,491,155555
长春大学(中外合作办学),教育学类,广东,2023,物理类,492,153689
贵州商学院,数学类,广东,2023,物理类,494,150688
贵州商学院,物理学类,广东,2023,物理类,506,133737
贵州商学院(中外合作办学),经济学类,广东,2023,物理类,489,158522
西安航空学院(中外合作办学),物理学类,广东,2023,物理类,509,128595
河南城建学院,哲学类,广东,2023,物理类,495,149035
防灾科技学院,数学类,广东,2023,物理类,505,134236
防灾科技学院,物理学类,广东,2023,物理类,520,112888
防灾科技学院,体育学类,广东,2023,物理类,514,121738
重庆工商大学,数学类,广东,2023,物理类,537,91056
重庆工商大学,管理学类,广东,2023,物理类,543,83024
汉口学院,数学类,广东,2023,物理类,479,173073
黑龙江工程学院,数学类,广东,2023,物理类,493,152448
黑龙江工程学院,物理学类,广东,2023,物理类,492,153879
黑龙江工程学院,体育学类,广东,2023,物理类,494,150906
海南医学院,物理学类,广东,2023,物理类,561,61714
海南医学院(中外合作办学),体育学类,广东,2023,物理类,488,160478
海南医学院(中外合作办学),法学类,广东,2023,物理类,475,179149
东莞理工学院,哲学类,广东,2023,物理类,563,60270
东莞理工学院,数学类,广东,2023,物理类,541,86175
东莞理工学院,物理学类,广东,2023,物理类,543,82629
东莞理工学院,体育学类,广东,2023,物理类,525,106434
东莞理工学院,法学类,广东,2023,物理类,531,97999
东莞理工学院(地方专项),化学类,广东,2023,物理类,552,72184
东莞理工学院(地方专项),材料类,广东,2023,物理类,528,101975
东莞理工学院(粤台联合培养),计算机类,广东,2023,物理类,540,86534
东莞理工学院(中外合作办学),地理科学类,广东,2023,物理类,536,92392
东莞理工学院,环境科学与工程类,广东,2023,物理类,549,75990
东莞理工学院,食品科学与工程类,广东,2023,物理类,538,89430
桂林航天工业学院,数学类,广东,2023,物理类,513,123663
上海杉达学院,数学类,广东,2023,物理类,511,126273
上海杉达学院(中外合作办学),体育学类,广东,2023,物理类,524,108132
黄河科技学院,数学类,广东,2023,物理类,486,163429
上海政法学院,物理学类,广东,2023,物理类,574,48680
上海政法学院,体育学类,广东,2023,物理类,579,43811
上海政法学院,经济学类,广东,2023,物理类,602,25548
桂林旅游学院,体育学类,广东,2023,物理类,508,130637
桂林旅游学院,法学类,广东,2023,物理类,493,151587
桂林旅游学院,经济学类,广东,2023,物理类,500,141711
桂林旅游学院,管理学类,广东,2023,物理类,493,151927
桂林旅游学院(中外合作办学),中国语言文学类,广东,2023,物理类,489,157764
贺州学院,数学类,广东,2023,物理类,502,139683
九江学院,数学类,广东,2023,物理类,501,140047
九江学院,物理学类,广东,2023,物理类,550,75176
广东工业大学,法学类,广东,2023,物理类,596,30039
广东工业大学,经济学类,广东,2023,物理类,588,36120
广东工业大学,教育学类,广东,2023,物理类,567,55815
广东工业大学,新闻传播学类,广东,2023,物理类,570,52992
广东工业大学,建筑类,广东,2023,物理类,578,45361
广东工业大学,外国语言文学类,广东,2023,物理类,579,44454
广东工业大学,艺术设计类,广东,2023,物理类,566,56552
广东工业大学,生物科学类,广东,2023,物理类,590,34813
广东工业大学,化学类,广东,2023,物理类,560,63213
广东工业大学,材料类,广东,2023,物理类,592,32464
广东工业大学,历史学类,广东,2023,物理类,559,64662
广东工业大学,地理科学类,广东,2023,物理类,560,63762
广东工业大学,农林科学类,广东,2023,物理类,585,38997
广东工业大学,林业工程类,广东,2023,物理类,571,51743
广东工业大学,环境科学与工程类,广东,2023,物理类,566,56950
广东工业大学,食品科学与工程类,广东,2023,物理类,597,29231
广东工业大学,临床医学类,广东,2023,物理类,574,48569
广东工业大学,口腔医学类,广东,2023,物理类,573,49678
广东工业大学,护理学类,广东,2023,物理类,559,64669
广东工业大学,心理学类,广东,2023,物理类,556,68028
广东工业大学,统计学类,广东,2023,物理类,573,49723
广东工业大学,电子信息类,广东,2023,物理类,562,61457
广东工业大学,自动化类,广东,2023,物理类,577,45586
广东工业大学,土木类,广东,2023,物理类,556,67659
广东工业大学,水利类,广东,2023,物理类,556,67610
广东工业大学(联合培养),其他类,广东,2023,物理类,558,65895
广东工业大学(地方专项),其他类,广东,2023,物理类,548,76711
广东工业大学,其他类,广东,2023,物理类,555,68262
广东外语外贸大学,建筑类,广东,2023,物理类,546,80062
广东外语外贸大学,外国语言文学类,广东,2023,物理类,582,41297
广东外语外贸大学,中国语言文学类,广东,2023,物理类,568,54613
广东外语外贸大学,艺术设计类,广东,2023,物理类,561,62266
广东外语外贸大学,生物科学类,广东,2023,物理类,557,66700
广东外语外贸大学,化学类,广东,2023,物理类,576,47267
广东外语外贸大学,材料类,广东,2023,物理类,574,49004
广东外语外贸大学,计算机类,广东,2023,物理类,571,51287
广东外语外贸大学,历史学类,广东,2023,物理类,579,44336
广东外语外贸大学(内地澳门合作办学),地理科学类,广东,2023,物理类,543,83146
广东外语外贸大学(地方专项),农林科学类,广东,2023,物理类,556,67250
佛山科学技术学院,哲学类,广东,2023,物理类,555,68767
佛山科学技术学院,数学类,广东,2023,物理类,542,84970
佛山科学技术学院,物理学类,广东,2023,物理类,546,79065
佛山科学技术学院,体育学类,广东,2023,物理类,496,148435
佛山科学技术学院,法学类,广东,2023,物理类,535,93449
佛山科学技术学院,经济学类,广东,2023,物理类,540,87154
佛山科学技术学院,管理学类,广东,2023,物理类,549,76004
佛山科学技术学院,教育学类,广东,2023,物理类,569,53900
佛山科学技术学院,新闻传播学类,广东,2023,物理类,530,100060
佛山科学技术学院,建筑类,广东,2023,物理类,533,95885
佛山科学技术学院,外国语言文学类,广东,2023,物理类,541,85175
佛山科学技术学院,中国语言文学类,广东,2023,物理类,549,76438
佛山科学技术学院,艺术设计类,广东,2023,物理类,533,96146
佛山科学技术学院(粤台联合培养),生物科学类,广东,2023,物理类,550,74868
佛山科学技术学院(中外合作办学),化学类,广东,2023,物理类,490,156164
佛山科学技术学院(联合培养),材料类,广东,2023,物理类,525,106731
佛山科学技术学院(联合培养),计算机类,广东,2023,物理类,497,146136
佛山科学技术学院(地方专项),历史学类,广东,2023,物理类,514,121977
大连民族大学,数学类,广东,2023,物理类,496,147608
上海第二工业大学,数学类,广东,2023,物理类,551,73965
上海第二工业大学,物理学类,广东,2023,物理类,551,73833
南京特殊教育师范学院,数学类,广东,2023,物理类,535,93705
南京特殊教育师范学院,物理学类,广东,2023,物理类,519,115149
南京特殊教育师范学院,教育学类,广东,2023,物理类,530,99992
上海商学院,数学类,广东,2023,物理类,539,87775
南通理工学院,数学类,广东,2023,物理类,477,177061
南通理工学院,物理学类,广东,2023,物理类,467,191430
广东培正学院,哲学类,广东,2023,物理类,468,190165
广东培正学院,数学类,广东,2023,物理类,475,179076
广东培正学院(学分互认),经济学类,广东,2023,物理类,466,193060
贵州警察学院,数学类,广东,2023,物理类,518,116441
贵州警察学院,物理学类,广东,2023,物理类,519,114464
南方医科大学,经济学类,广东,2023,物理类,653,3258
南方医科大学,管理学类,广东,2023,物理类,607,22283
南方医科大学,教育学类,广东,2023,物理类,580,43256
南方医科大学,新闻传播学类,广东,2023,物理类,592,32516
南方医科大学(地方专项),建筑类,广东,2023,物理类,563,60206
南方医科大学(地方专项),外国语言文学类,广东,2023,物理类,556,67967
湖南医药学院,数学类,广东,2023,物理类,544,82104
湖南医药学院,物理学类,广东,2023,物理类,535,93791
安徽新华学院,数学类,广东,2023,物理类,481,170356
湖南涉外经济学院,数学类,广东,2023,物理类,474,180842
海口经济学院,数学类,广东,2023,物理类,458,205742
武昌首义学院,数学类,广东,2023,物理类,489,158422
武昌理工学院,数学类,广东,2023,物理类,481,169802
烟台南山学院,数学类,广东,2023,物理类,489,157701
烟台南山学院,物理学类,广东,2023,物理类,479,173955
武汉生物工程学院,数学类,广东,2023,物理类,489,158943
武汉生物工程学院,物理学类,广东,2023,物理类,491,155249
武汉生物工程学院,体育学类,广东,2023,物理类,488,159118
中国劳动关系学院,数学类,广东,2023,物理类,535,93098
中国劳动关系学院,物理学类,广东,2023,物理类,545,80533
宁夏理工学院(联合培养),物理学类,广东,2023,物理类,487,161045
云南经济管理学院,物理学类,广东,2023,物理类,479,172834
云南经济管理学院,体育学类,广东,2023,物理类,489,158861
广东东软学院,哲学类,广东,2023,物理类,482,168523
广东东软学院,数学类,广东,2023,物理类,481,170099
广东东软学院,物理学类,广东,2023,物理类,480,171255
广东东软学院,体育学类,广东,2023,物理类,482,168410
广东东软学院,法学类,广东,2023,物理类,480,172399
广东东软学院,经济学类,广东,2023,物理类,475,179945
广东东软学院,管理学类,广东,2023,物理类,470,187552
广东东软学院,教育学类,广东,2023,物理类,471,185111
广东东软学院,新闻传播学类,广东,2023,物理类,471,186573
广东东软学院,建筑类,广东,2023,物理类,471,185023
广东东软学院,外国语言文学类,广东,2023,物理类,479,174023
广东东软学院,中国语言文学类,广东,2023,物理类,480,172315
广东东软学院,艺术设计类,广东,2023,物理类,479,173499
广东东软学院,生物科学类,广东,2023,物理类,473,182805
广东东软学院,化学类,广东,2023,物理类,469,189197
广东东软学院,材料类,广东,2023,物理类,467,192332
广东东软学院(中外合作办学),计算机类,广东,2023,物理类,439,236023
湘潭大学兴湘学院,数学类,广东,2023,物理类,497,146619
湘潭大学兴湘学院,物理学类,广东,2023,物理类,495,149975
湖南工业大学科技学院,数学类,广东,2023,物理类,493,152217
广州城市理工学院,哲学类,广东,2023,物理类,490,156339
广州城市理工学院,数学类,广东,2023,物理类,487,161311
广州软件学院,哲学类,广东,2023,物理类,474,180809
广州软件学院,体育学类,广东,2023,物理类,474,181136
广州软件学院,法学类,广东,2023,物理类,472,183575
广州软件学院(国际班),经济学类,广东,2023,物理类,462,199165
广州南方学院,物理学类,广东,2023,物理类,481,170275
广州南方学院,体育学类,广东,2023,物理类,480,171800
广州南方学院,法学类,广东,2023,物理类,481,169618
广州南方学院(联合培养),经济学类,广东,2023,物理类,478,175207
广州南方学院(中外合作办学),管理学类,广东,2023,物理类,472,184123
广东外语外贸大学南国商学院,物理学类,广东,2023,物理类,483,167663
广东外语外贸大学南国商学院,体育学类,广东,2023,物理类,481,170485
广东外语外贸大学南国商学院(联合培养),法学类,广东,2023,物理类,479,173664
广东外语外贸大学南国商学院,管理学类,广东,2023,物理类,476,178435
广州华商学院,外国语言文学类,广东,2023,物理类,458,205970
广州华商学院,中国语言文学类,广东,2023,物理类,468,190176
广州华商学院(学分互认),艺术设计类,广东,2023,物理类,458,206010
湛江科技学院,哲学类,广东,2023,物理类,444,228364
湛江科技学院,数学类,广东,2023,物理类,439,234864
湛江科技学院(联合培养),建筑类,广东,2023,物理类,439,235962
华南农业大学珠江学院,数学类,广东,2023,物理类,469,188464
厦门医学院,哲学类,广东,2023,物理类,554,69885
厦门医学院,数学类,广东,2023,物理类,558,65527
成都东软学院,数学类,广东,2023,物理类,496,148038
湖南科技大学潇湘学院,数学类,广东,2023,物理类,496,147149
南华大学船山学院,数学类,广东,2023,物理类,492,153873
南华大学船山学院,物理学类,广东,2023,物理类,493,152184
湘潭理工学院,数学类,广东,2023,物理类,482,168932
湖南师范大学树达学院,数学类,广东,2023,物理类,492,153136
湖南文理学院芙蓉学院,物理学类,广东,2023,物理类,492,153931
湖南理工学院南湖学院,数学类,广东,2023,物理类,500,142055
衡阳师范学院南岳学院,数学类,广东,2023,物理类,498,145400
衡阳师范学院南岳学院,物理学类,广东,2023,物理类,497,146479
湖南工程学院应用技术学院,哲学类,广东,2023,物理类,493,152062
湖南中医药大学湘杏学院,物理学类,广东,2023,物理类,520,113425
湖南中医药大学湘杏学院,体育学类,广东,2023,物理类,521,112442
吉首大学张家界学院,数学类,广东,2023,物理类,491,154695
广州理工学院,哲学类,广东,2023,物理类,456,209289
东南大学成贤学院,物理学类,广东,2023,物理类,492,154149
厦门华厦学院,物理学类,广东,2023,物理类,487,160974
厦门华厦学院,体育学类,广东,2023,物理类,487,160907
闽南理工学院,数学类,广东,2023,物理类,493,152289
西安欧亚学院,数学类,广东,2023,物理类,476,177639
西安欧亚学院(中外合作办学),物理学类,广东,2023,物理类,475,180166
西安外事学院,数学类,广东,2023,物理类,479,172811
西京学院,数学类,广东,2023,物理类,482,168169
郑州工业应用技术学院,数学类,广东,2023,物理类,489,158277
郑州工业应用技术学院,物理学类,广东,2023,物理类,489,158393
山西应用科技学院,数学类,广东,2023,物理类,484,165106
浙江越秀外国语学院,物理学类,广东,2023,物理类,483,167013
浙江越秀外国语学院,体育学类,广东,2023,物理类,475,179360
南昌理工学院,物理学类,广东,2023,物理类,483,166567
上海建桥学院,数学类,广东,2023,物理类,482,168600
上海建桥学院,体育学类,广东,2023,物理类,479,173423
上海建桥学院(中外合作办学),法学类,广东,2023,物理类,486,162270
上海中侨职业技术大学,数学类,广东,2023,物理类,475,179085
泉州职业技术大学,数学类,广东,2023,物理类,486,163328
江西应用科技学院,数学类,广东,2023,物理类,476,177962
江西应用科技学院,管理学类,广东,2023,物理类,462,199727
闽南科技学院,物理学类,广东,2023,物理类,485,164835
闽南科技学院,体育学类,广东,2023,物理类,479,172717
山东英才学院,哲学类,广东,2023,物理类,471,186060
浙大城市学院,数学类,广东,2023,物理类,541,86234
浙大宁波理工学院,数学类,广东,2023,物理类,537,90169
杭州医学院,哲学类,广东,2023,物理类,528,102401
杭州医学院,数学类,广东,2023,物理类,563,60025
安徽外国语学院,数学类,广东,2023,物理类,474,181176
厦门工学院,数学类,广东,2023,物理类,483,166725
西安思源学院,数学类,广东,2023,物理类,484,165036
武汉晴川学院,物理学类,广东,2023,物理类,485,164021
大连理工大学城市学院,数学类,广东,2023,物理类,478,175770
沈阳工学院,哲学类,广东,2023,物理类,473,183054
沈阳城市建设学院,数学类,广东,2023,物理类,470,186766
大连医科大学中山学院,数学类,广东,2023,物理类,508,130150
大连医科大学中山学院,物理学类,广东,2023,物理类,489,158567
锦州医科大学医疗学院,哲学类,广东,2023,物理类,520,113193
辽宁师范大学海华学院,数学类,广东,2023,物理类,474,180363
大连财经学院,数学类,广东,2023,物理类,474,181675
沈阳城市学院,数学类,广东,2023,物理类,459,203644
沈阳城市学院,物理学类,广东,2023,物理类,476,177813
湖北大学知行学院,数学类,广东,2023,物理类,488,160135
湖北大学知行学院,物理学类,广东,2023,物理类,490,156925
武汉城市学院,数学类,广东,2023,物理类,483,166657
武汉城市学院,物理学类,广东,2023,物理类,488,159295
三峡大学科技学院,数学类,广东,2023,物理类,491,155537
三峡大学科技学院,物理学类,广东,2023,物理类,528,102628
湖北工业大学工程技术学院,物理学类,广东,2023,物理类,486,162128
武汉工程大学邮电与信息工程学院,数学类,广东,2023,物理类,495,149773
武汉工程大学邮电与信息工程学院,物理学类,广东,2023,物理类,487,161168
武汉纺织大学外经贸学院,物理学类,广东,2023,物理类,479,174186
武汉纺织大学外经贸学院,体育学类,广东,2023,物理类,482,168459
武汉工商学院,数学类,广东,2023,物理类,483,167154
长江大学文理学院,数学类,广东,2023,物理类,486,162331
湖北商贸学院,数学类,广东,2023,物理类,477,176990
湖北医药学院药护学院,哲学类,广东,2023,物理类,524,108570
湖北恩施学院,物理学类,广东,2023,物理类,523,109694
湖北恩施学院,体育学类,广东,2023,物理类,485,164491
湖北经济学院法商学院,数学类,广东,2023,物理类,487,161637
武汉体育学院体育科技学院,数学类,广东,2023,物理类,493,152045
湖北师范大学文理学院,物理学类,广东,2023,物理类,499,144060
湖北师范大学文理学院,体育学类,广东,2023,物理类,486,162120
湖北文理学院理工学院,哲学类,广东,2023,物理类,486,162094
文华学院,物理学类,广东,2023,物理类,487,161292
杭州电子科技大学信息工程学院,哲学类,广东,2023,物理类,497,145951
浙江工商大学杭州商学院,数学类,广东,2023,物理类,483,166650
嘉兴南湖学院,哲学类,广东,2023,物理类,504,135897
中国计量大学现代科技学院,哲学类,广东,2023,物理类,486,163451
黑龙江外国语学院,经济学类,广东,2023,物理类,451,217710
黑龙江工商学院,数学类,广东,2023,物理类,457,207800
哈尔滨远东理工学院,哲学类,广东,2023,物理类,467,191581
哈尔滨华德学院,数学类,广东,2023,物理类,456,209087
山东协和学院,物理学类,广东,2023,物理类,479,173544
山东协和学院,体育学类,广东,2023,物理类,543,83247
山东协和学院,法学类,广东,2023,物理类,479,172904
云南大学滇池学院,物理学类,广东,2023,物理类,484,165598
丽江文化旅游学院,物理学类,广东,2023,物理类,482,169154
丽江文化旅游学院,体育学类,广东,2023,物理类,483,167209
丽江文化旅游学院,法学类,广东,2023,物理类,486,162571
昆明城市学院,数学类,广东,2023,物理类,482,169507
昆明医科大学海源学院,数学类,广东,2023,物理类,532,97405
昆明医科大学海源学院,物理学类,广东,2023,物理类,487,161768
青岛城市学院,数学类,广东,2023,物理类,479,173069
山东石油化工学院,数学类,广东,2023,物理类,499,143758
河北外国语学院,数学类,广东,2023,物理类,477,177142
华北理工大学轻工学院,数学类,广东,2023,物理类,482,168783
河北医科大学临床学院,数学类,广东,2023,物理类,494,151420
河北医科大学临床学院,物理学类,广东,2023,物理类,523,109617
河北医科大学临床学院,体育学类,广东,2023,物理类,501,140117
河北医科大学临床学院,法学类,广东,2023,物理类,537,90175
南昌职业大学,数学类,广东,2023,物理类,483,167532
南昌工学院,物理学类,广东,2023,物理类,480,171454
南昌大学科学技术学院,数学类,广东,2023,物理类,491,155766
南昌交通学院,物理学类,广东,2023,物理类,486,162525
赣东学院,物理学类,广东,2023,物理类,499,143078
南昌航空大学科技学院,数学类,广东,2023,物理类,489,158199
赣南科技学院,数学类,广东,2023,物理类,497,146805
赣南科技学院,物理学类,广东,2023,物理类,493,152575
景德镇艺术职业大学,物理学类,广东,2023,物理类,486,163182
景德镇艺术职业大学,体育学类,广东,2023,物理类,473,183275
江西农业大学南昌商学院,物理学类,广东,2023,物理类,488,160112
南昌医学院,数学类,广东,2023,物理类,552,72737
南昌医学院,物理学类,广东,2023,物理类,550,74909
南昌医学院,体育学类,广东,2023,物理类,552,71859
南昌医学院,新闻传播学类,广东,2023,物理类,544,81488
南昌医学院,建筑类,广东,2023,物理类,522,110219
南昌医学院,外国语言文学类,广东,2023,物理类,510,127359
南昌医学院,中国语言文学类,广东,2023,物理类,504,136314
南昌医学院,艺术设计类,广东,2023,物理类,534,95093
南昌医学院,生物科学类,广东,2023,物理类,527,103391
南昌医学院,化学类,广东,2023,物理类,517,117286
南昌医学院,材料类,广东,2023,物理类,522,110649
南昌医学院,计算机类,广东,2023,物理类,531,98269
南昌医学院,历史学类,广东,2023,物理类,519,115193
南昌医学院,地理科学类,广东,2023,物理类,529,100936
江西师范大学科学技术学院,数学类,广东,2023,物理类,490,156312
赣南师范大学科技学院,物理学类,广东,2023,物理类,501,141012
赣南师范大学科技学院,体育学类,广东,2023,物理类,492,153286
南昌应用技术师范学院,物理学类,广东,2023,物理类,488,159745
南昌应用技术师范学院,体育学类,广东,2023,物理类,499,144058
江西财经大学现代经济管理学院,物理学类,广东,2023,物理类,492,153201
江西财经大学现代经济管理学院,体育学类,广东,2023,物理类,488,160172
阳光学院,物理学类,广东,2023,物理类,475,179033
阳光学院(中外合作办学),法学类,广东,2023,物理类,459,204926
厦门大学嘉庚学院,物理学类,广东,2023,物理类,492,154390
厦门大学嘉庚学院,体育学类,广东,2023,物理类,491,155096
福州大学至诚学院,物理学类,广东,2023,物理类,489,157844
福州大学至诚学院,体育学类,广东,2023,物理类,489,158398
集美大学诚毅学院,物理学类,广东,2023,物理类,495,149498
福建师范大学协和学院,数学类,广东,2023,物理类,491,155924
福建师范大学协和学院(国际班),物理学类,广东,2023,物理类,488,159905
郑州财经学院,数学类,广东,2023,物理类,485,163572
商丘工学院,哲学类,广东,2023,物理类,483,167991
信阳学院,数学类,广东,2023,物理类,498,144421
新乡医学院三全学院,哲学类,广东,2023,物理类,530,100045
兰州博文科技学院,数学类,广东,2023,物理类,476,178038
山西工学院,哲学类,广东,2023,物理类,499,142779
山西工学院,数学类,广东,2023,物理类,505,134873
山西晋中理工学院,数学类,广东,2023,物理类,489,158857
新疆理工学院,哲学类,广东,2023,物理类,492,153097
新疆第二医学院,哲学类,广东,2023,物理类,524,108526
新疆第二医学院,数学类,广东,2023,物理类,539,87802
新疆第二医学院,物理学类,广东,2023,物理类,478,175479
新疆第二医学院,体育学类,广东,2023,物理类,517,117448
无锡太湖学院,体育学类,广东,2023,物理类,470,188097
河北工程大学科信学院,数学类,广东,2023,物理类,488,159504
中国矿业大学徐海学院,物理学类,广东,2023,物理类,487,160649
重庆外语外事学院,物理学类,广东,2023,物理类,491,155502
重庆外语外事学院,体育学类,广东,2023,物理类,486,163356
重庆对外经贸学院,数学类,广东,2023,物理类,489,158304
重庆财经学院,数学类,广东,2023,物理类,491,155590
石家庄铁道大学四方学院,数学类,广东,2023,物理类,489,158507
河北地质大学华信学院,数学类,广东,2023,物理类,480,172571
山西科技学院,数学类,广东,2023,物理类,502,138921
山西科技学院,物理学类,广东,2023,物理类,508,129655
长春电子科技学院,数学类,广东,2023,物理类,478,174365
长春财经学院,数学类,广东,2023,物理类,476,177624
吉林建筑科技学院,哲学类,广东,2023,物理类,471,185108
长春科技学院,哲学类,广东,2023,物理类,486,163034
辽宁中医药大学杏林学院,物理学类,广东,2023,物理类,504,136523
辽宁中医药大学杏林学院,体育学类,广东,2023,物理类,508,130522
辽宁何氏医学院,哲学类,广东,2023,物理类,516,118401
辽宁何氏医学院,数学类,广东,2023,物理类,479,172668
蚌埠工商学院,数学类,广东,2023,物理类,484,165836
马鞍山学院,数学类,广东,2023,物理类,483,167121
合肥城市学院,数学类,广东,2023,物理类,483,167760
安徽医科大学临床医学院,哲学类,广东,2023,物理类,522,111119
吉林师范大学博达学院,体育学类,广东,2023,物理类,483,167301
昆明文理学院,物理学类,广东,2023,物理类,482,169246
昆明理工大学津桥学院,物理学类,广东,2023,物理类,490,157152
昆明理工大学津桥学院,体育学类,广东,2023,物理类,480,171557
昆明理工大学津桥学院,法学类,广东,2023,物理类,487,161354
昆明理工大学津桥学院,经济学类,广东,2023,物理类,477,175908
昆明理工大学津桥学院,管理学类,广东,2023,物理类,483,167409
重庆移通学院(中外合作办学),数学类,广东,2023,物理类,474,181095
新疆政法学院,物理学类,广东,2023,物理类,489,158427
新疆政法学院,体育学类,广东,2023,物理类,490,156072
新疆政法学院,法学类,广东,2023,物理类,498,145426
大连东软信息学院,数学类,广东,2023,物理类,475,180011
上海视觉艺术学院,数学类,广东,2023,物理类,530,100216
武汉学院,数学类,广东,2023,物理类,489,158917
长沙理工大学城南学院,数学类,广东,2023,物理类,493,152616
柳州工学院,物理学类,广东,2023,物理类,480,171678
柳州工学院,体育学类,广东,2023,物理类,479,172992
广西民族大学相思湖学院,数学类,广东,2023,物理类,489,158845
桂林学院,数学类,广东,2023,物理类,488,159435
广西中医药大学赛恩斯新医药学院,物理学类,广东,2023,物理类,501,141225
广西中医药大学赛恩斯新医药学院,体育学类,广东,2023,物理类,493,152992
广西中医药大学赛恩斯新医药学院,法学类,广东,2023,物理类,490,156068
广西中医药大学赛恩斯新医药学院,经济学类,广东,2023,物理类,489,158308
桂林信息科技学院,物理学类,广东,2023,物理类,488,160310
桂林信息科技学院,体育学类,广东,2023,物理类,481,170847
南宁理工学院,数学类,广东,2023,物理类,476,178210
贵州中医药大学时珍学院,哲学类,广东,2023,物理类,490,157301
贵阳人文科技学院,数学类,广东,2023,物理类,487,161738
遵义医科大学医学与科技学院,哲学类,广东,2023,物理类,537,90658
南京理工大学紫金学院,数学类,广东,2023,物理类,489,158888
南京理工大学紫金学院,物理学类,广东,2023,物理类,487,161992
广州华立学院,哲学类,广东,2023,物理类,451,216981
广州华立学院(国际班),数学类,广东,2023,物理类,445,225656
广州华立学院,物理学类,广东,2023,物理类,446,224073
广州应用科技学院,物理学类,广东,2023,物理类,455,211470
广州应用科技学院(联合培养),体育学类,广东,2023,物理类,451,217177
天津商业大学宝德学院,体育学类,广东,2023,物理类,486,162665
天津商业大学宝德学院,法学类,广东,2023,物理类,483,167925
天津商业大学宝德学院,经济学类,广东,2023,物理类,484,165610
天津医科大学临床医学院,物理学类,广东,2023,物理类,504,136774
天津医科大学临床医学院,体育学类,广东,2023,物理类,552,72410
天津医科大学临床医学院,法学类,广东,2023,物理类,491,155068
天津医科大学临床医学院,经济学类,广东,2023,物理类,541,85734
天津医科大学临床医学院,教育学类,广东,2023,物理类,492,153298
长春人文学院,数学类,广东,2023,物理类,475,178988
长春人文学院,物理学类,广东,2023,物理类,473,182611
电子科技大学成都学院,数学类,广东,2023,物理类,491,155567
电子科技大学成都学院,物理学类,广东,2023,物理类,487,161103
武汉华夏理工学院,数学类,广东,2023,物理类,483,166614
广州商学院,法学类,广东,2023,物理类,462,199917
广州商学院(中外合作办学),经济学类,广东,2023,物理类,439,235813
广州商学院(联合培养),管理学类,广东,2023,物理类,448,221069
广州商学院,教育学类,广东,2023,物理类,453,213913
成都理工大学工程技术学院,数学类,广东,2023,物理类,488,159514
成都银杏酒店管理学院,数学类,广东,2023,物理类,482,169520
四川外国语大学成都学院,数学类,广东,2023,物理类,488,160278
北京理工大学珠海学院,哲学类,广东,2023,物理类,496,148111
北京理工大学珠海学院(中外合作办学),数学类,广东,2023,物理类,483,167967
北京理工大学珠海学院(国际班),物理学类,广东,2023,物理类,489,158991
西安交通大学城市学院,哲学类,广东,2023,物理类,492,153872
西北大学现代学院,数学类,广东,2023,物理类,487,160687
西安建筑科技大学华清学院,哲学类,广东,2023,物理类,482,168871
西安工商学院,数学类,广东,2023,物理类,474,181530
珠海科技学院,教育学类,广东,2023,物理类,490,156478
珠海科技学院,新闻传播学类,广东,2023,物理类,490,156840
珠海科技学院,建筑类,广东,2023,物理类,490,157492
珠海科技学院,外国语言文学类,广东,2023,物理类,490,156571
武汉传媒学院,数学类,广东,2023,物理类,482,168627
成都医学院,哲学类,广东,2023,物理类,558,65740
广州工商学院,法学类,广东,2023,物理类,445,225942
广州工商学院,经济学类,广东,2023,物理类,439,236072
广州工商学院,管理学类,广东,2023,物理类,440,234135
广州工商学院,教育学类,广东,2023,物理类,439,236076
广州工商学院(中外合作办学),新闻传播学类,广东,2023,物理类,439,235525
广州科技职业技术大学,物理学类,广东,2023,物理类,439,235906
广州科技职业技术大学,体育学类,广东,2023,物理类,445,226027
广州科技职业技术大学,法学类,广东,2023,物理类,448,221454
广东科技学院,法学类,广东,2023,物理类,448,222218
广东科技学院(联合培养),经济学类,广东,2023,物理类,442,230969
广东科技学院,艺术设计类,广东,2023,物理类,441,232514
广东理工学院,哲学类,广东,2023,物理类,439,236084
广东理工学院,数学类,广东,2023,物理类,439,236039
广东理工学院,物理学类,广东,2023,物理类,439,236085
广东工商职业技术大学,法学类,广东,2023,物理类,439,236080
广东工商职业技术大学,经济学类,广东,2023,物理类,439,236062
广东工商职业技术大学,教育学类,广东,2023,物理类,444,227415
广东工商职业技术大学,中国语言文学类,广东,2023,物理类,439,235974
黑河学院,物理学类,广东,2023,物理类,494,151105
黑河学院,体育学类,广东,2023,物理类,491,154961
黑河学院,法学类,广东,2023,物理类,494,151359
福州外语外贸学院,数学类,广东,2023,物理类,478,174434
福建江夏学院,数学类,广东,2023,物理类,511,125589
泉州信息工程学院,数学类,广东,2023,物理类,481,169675
泉州信息工程学院(中外合作办学),体育学类,广东,2023,物理类,464,196543
豫章师范学院,物理学类,广东,2023,物理类,495,148734
豫章师范学院,体育学类,广东,2023,物理类,495,148905
江西软件职业技术大学,数学类,广东,2023,物理类,483,168062
江西软件职业技术大学,物理学类,广东,2023,物理类,474,181020
湖南应用技术学院,物理学类,广东,2023,物理类,484,166250
琼台师范学院,物理学类,广东,2023,物理类,506,133619
琼台师范学院,体育学类,广东,2023,物理类,509,129033
四川工业科技学院,数学类,广东,2023,物理类,489,158592
广西外国语学院,数学类,广东,2023,物理类,479,173929
南京理工大学泰州科技学院,哲学类,广东,2023,物理类,487,160759
东莞城市学院,法学类,广东,2023,物理类,464,197053
东莞城市学院,管理学类,广东,2023,物理类,469,189152
三亚学院,法学类,广东,2023,物理类,471,185850
三亚学院,经济学类,广东,2023,物理类,483,166932
三亚学院(中外合作办学),外国语言文学类,广东,2023,物理类,476,178198
三亚学院,艺术设计类,广东,2023,物理类,485,164716
上海师范大学天华学院,数学类,广东,2023,物理类,479,174139
西安明德理工学院,数学类,广东,2023,物理类,480,172111
天津理工大学中环信息学院,数学类,广东,2023,物理类,486,163463
北京科技大学天津学院,物理学类,广东,2023,物理类,485,164155
北京科技大学天津学院,新闻传播学类,广东,2023,物理类,483,166855
北京中医药大学东方学院,物理学类,广东,2023,物理类,500,142173
北京中医药大学东方学院,体育学类,广东,2023,物理类,519,114880
北京中医药大学东方学院,法学类,广东,2023,物理类,492,153496
广州新华学院,物理学类,广东,2023,物理类,482,169083
广州新华学院,体育学类,广东,2023,物理类,481,170670
广州新华学院,法学类,广东,2023,物理类,482,168490
成都锦城学院,数学类,广东,2023,物理类,491,155787
南京工业大学浦江学院,数学类,广东,2023,物理类,487,160859
南京工业大学浦江学院,物理学类,广东,2023,物理类,487,161740
南京工业大学浦江学院,体育学类,广东,2023,物理类,486,162158
南京师范大学中北学院,物理学类,广东,2023,物理类,489,158702
南京师范大学中北学院,体育学类,广东,2023,物理类,485,164394
广西城市职业大学,物理学类,广东,2023,物理类,472,184604
广西城市职业大学,体育学类,广东,2023,物理类,467,191918
湖南交通工程学院,数学类,广东,2023,物理类,484,165520
南京医科大学康达学院,物理学类,广东,2023,物理类,486,162463
南京医科大学康达学院,体育学类,广东,2023,物理类,528,102130
南京医科大学康达学院,法学类,广东,2023,物理类,492,153236
南京医科大学康达学院,管理学类,广东,2023,物理类,498,145060
南京医科大学康达学院,教育学类,广东,2023,物理类,488,160448
无锡学院,物理学类,广东,2023,物理类,532,97456
苏州城市学院,体育学类,广东,2023,物理类,522,110898
苏州大学应用技术学院,数学类,广东,2023,物理类,488,159134
江苏大学京江学院,数学类,广东,2023,物理类,487,161609
江苏大学京江学院,物理学类,广东,2023,物理类,493,152640
扬州大学广陵学院,物理学类,广东,2023,物理类,489,158361
扬州大学广陵学院,体育学类,广东,2023,物理类,490,157470
江苏师范大学科文学院,物理学类,广东,2023,物理类,490,157112
江苏师范大学科文学院,体育学类,广东,2023,物理类,488,159205
南京邮电大学通达学院,数学类,广东,2023,物理类,489,158233
南京邮电大学通达学院,物理学类,广东,2023,物理类,488,159920
南京财经大学红山学院,数学类,广东,2023,物理类,485,163734
江苏科技大学苏州理工学院,数学类,广东,2023,物理类,490,157326
江苏科技大学苏州理工学院,物理学类,广东,2023,物理类,488,159249
常州大学怀德学院,数学类,广东,2023,物理类,486,163100
常州大学怀德学院,物理学类,广东,2023,物理类,484,165268
南通大学杏林学院,哲学类,广东,2023,物理类,486,162531
南通大学杏林学院,数学类,广东,2023,物理类,483,166821
南京审计大学金审学院,数学类,广东,2023,物理类,486,162435
青岛工学院,物理学类,广东,2023,物理类,480,172548
青岛工学院,体育学类,广东,2023,物理类,479,174169
齐鲁理工学院,物理学类,广东,2023,物理类,478,174985
齐鲁理工学院,体育学类,广东,2023,物理类,478,174665
西安信息职业大学,数学类,广东,2023,物理类,479,172666
西南财经大学天府学院,数学类,广东,2023,物理类,492,154262
天津仁爱学院,物理学类,广东,2023,物理类,475,179462
四川大学锦江学院,数学类,广东,2023,物理类,490,156732
西安科技大学高新学院,数学类,广东,2023,物理类,486,163210
福建农林大学金山学院(中外合作办学),体育学类,广东,2023,物理类,478,174828
天津财经大学珠江学院,数学类,广东,2023,物理类,485,164812
合肥师范学院,哲学类,广东,2023,物理类,498,144987
湖北第二师范学院,数学类,广东,2023,物理类,519,114852
湖北第二师范学院(中外合作办学),体育学类,广东,2023,物理类,502,138703
太原工业学院,哲学类,广东,2023,物理类,493,152092
太原工业学院,数学类,广东,2023,物理类,492,153145
宿迁学院,数学类,广东,2023,物理类,494,151397
宿迁学院,物理学类,广东,2023,物理类,492,153559
海南科技职业大学,数学类,广东,2023,物理类,475,179387
沧州交通学院,物理学类,广东,2023,物理类,484,165585
沧州交通学院,体育学类,广东,2023,物理类,484,165166
皖江工学院,哲学类,广东,2023,物理类,483,167265
上海财经大学浙江学院,数学类,广东,2023,物理类,487,160616
河北东方学院,数学类,广东,2023,物理类,483,166654
河北东方学院,物理学类,广东,2023,物理类,483,166491
河北东方学院,法学类,广东,2023,物理类,484,166088
运城职业技术大学,数学类,广东,2023,物理类,482,169461
广东第二师范学院,哲学类,广东,2023,物理类,548,76680
广东第二师范学院,数学类,广东,2023,物理类,532,97377
广东第二师范学院,物理学类,广东,2023,物理类,527,103699
广东第二师范学院,体育学类,广东,2023,物理类,493,152850
广东第二师范学院,法学类,广东,2023,物理类,512,124985
广东第二师范学院,经济学类,广东,2023,物理类,551,73651
广东第二师范学院,管理学类,广东,2023,物理类,524,107982
广东第二师范学院,教育学类,广东,2023,物理类,541,86065
广东第二师范学院,新闻传播学类,广东,2023,物理类,518,115880
广东第二师范学院,建筑类,广东,2023,物理类,533,95968
广东第二师范学院,外国语言文学类,广东,2023,物理类,507,132308
广东第二师范学院,中国语言文学类,广东,2023,物理类,550,75138
广东第二师范学院,艺术设计类,广东,2023,物理类,532,96673
广东第二师范学院,生物科学类,广东,2023,物理类,533,95264
广东第二师范学院,化学类,广东,2023,物理类,530,99742
广东第二师范学院,材料类,广东,2023,物理类,544,81438
广东第二师范学院,计算机类,广东,2023,物理类,518,115876
广东第二师范学院,历史学类,广东,2023,物理类,546,79786
广东第二师范学院(学分互认),农业工程类,广东,2023,物理类,529,100975
广东第二师范学院(学分互认),生物医学工程类,广东,2023,物理类,487,161257
广东第二师范学院(协同培养),其他类,广东,2023,物理类,505,134812
成都师范学院,物理学类,广东,2023,物理类,527,103749
成都师范学院,体育学类,广东,2023,物理类,526,104947
四川电影电视学院,数学类,广东,2023,物理类,478,175482
河北中医药大学,数学类,广东,2023,物理类,576,47198
河北中医药大学,物理学类,广东,2023,物理类,529,101138
河北中医药大学,体育学类,广东,2023,物理类,531,98306
山西传媒学院,数学类,广东,2023,物理类,515,120191
南昌师范学院,物理学类,广东,2023,物理类,496,147105
贵州理工学院,哲学类,广东,2023,物理类,510,127895
贵州理工学院(联合培养),数学类,广东,2023,物理类,508,130744
山西工程技术学院,哲学类,广东,2023,物理类,495,149637
山西工程技术学院,数学类,广东,2023,物理类,498,145504
中国社会科学院大学,体育学类,广东,2023,物理类,629,10650
滇西应用技术大学,物理学类,广东,2023,物理类,495,148834
滇西应用技术大学,体育学类,广东,2023,物理类,503,137987
茅台学院,哲学类,广东,2023,物理类,494,151316
郑州西亚斯学院(中外合作办学),体育学类,广东,2023,物理类,470,187955
深圳技术大学,哲学类,广东,2023,物理类,568,55210
深圳技术大学,数学类,广东,2023,物理类,566,56624
深圳技术大学,物理学类,广东,2023,物理类,571,51308
深圳技术大学,体育学类,广东,2023,物理类,564,58741
深圳技术大学,法学类,广东,2023,物理类,575,47496
海南比勒费尔德应用科学大学,哲学类,广东,2023,物理类,517,117667
河北石油职业技术大学,数学类,广东,2023,物理类,494,150924
河北科技工程职业技术大学,数学类,广东,2023,物理类,496,148463
广西农业职业技术大学,数学类,广东,2023,物理类,498,145409
广西农业职业技术大学,物理学类,广东,2023,物理类,494,151535
贵阳康养职业大学,物理学类,广东,2023,物理类,501,140426
贵阳康养职业大学,体育学类,广东,2023,物理类,495,149866
兰州资源环境职业技术大学,哲学类,广东,2023,物理类,492,153075
兰州石化职业技术大学,哲学类,广东,2023,物理类,493,152853
宁波诺丁汉大学,教育学类,广东,2023,物理类,593,32235
宁波诺丁汉大学,新闻传播学类,广东,2023,物理类,594,31251
西交利物浦大学,体育学类,广东,2023,物理类,600,26515
北京师范大学-香港浸会大学联合国际学院,数学类,广东,2023,物理类,581,42591
温州肯恩大学,体育学类,广东,2023,物理类,543,82690
深圳北理莫斯科大学,哲学类,广东,2023,物理类,542,84342
深圳北理莫斯科大学,数学类,广东,2023,物理类,568,54667
广东以色列理工学院,哲学类,广东,2023,物理类,543,82571
广东以色列理工学院,数学类,广东,2023,物理类,542,84979
广东以色列理工学院,物理学类,广东,2023,物理类,539,88787
哈尔滨工业大学(深圳),数学类,广东,2023,物理类,659,2326
北京大学医学部,物理学类,广东,2023,物理类,684,268
北京大学医学部,体育学类,广东,2023,物理类,678,513
北京大学医学部,法学类,广东,2023,物理类,685,253
中国人民大学(苏州校区)(中外合作办学),体育学类,广东,2023,物理类,644,5600
北京交通大学(威海校区)(中外合作办学),体育学类,广东,2023,物理类,605,23705
北京交通大学(威海校区)(中外合作办学),法学类,广东,2023,物理类,585,38872
北京邮电大学(宏福校区)(中外合作办学),数学类,广东,2023,物理类,619,15298
北京邮电大学(宏福校区)(中外合作办学),物理学类,广东,2023,物理类,615,17510
北京师范大学(珠海校区),数学类,广东,2023,物理类,630,10125
北京师范大学(珠海校区),物理学类,广东,2023,物理类,627,11453
大连理工大学(盘锦校区),数学类,广东,2023,物理类,613,18514
大连理工大学(盘锦校区)(中外合作办学),物理学类,广东,2023,物理类,607,22362
大连理工大学(盘锦校区)(中外合作办学),体育学类,广东,2023,物理类,603,24792
东北大学秦皇岛分校,体育学类,广东,2023,物理类,606,22935
东北大学秦皇岛分校(中外合作办学),法学类,广东,2023,物理类,606,22533
哈尔滨工业大学(威海),哲学类,广东,2023,物理类,644,5576
哈尔滨工业大学(威海)(中外合作办学),数学类,广东,2023,物理类,615,17612
哈尔滨工业大学(威海),物理学类,广东,2023,物理类,625,12500
复旦大学医学院,哲学类,广东,2023,物理类,686,210
复旦大学医学院,数学类,广东,2023,物理类,664,1617
上海交通大学医学院,数学类,广东,2023,物理类,686,213
上海交通大学医学院(联合培养),物理学类,广东,2023,物理类,671,931
浙江大学医学院,哲学类,广东,2023,物理类,659,2354
合肥工业大学(宣城校区),物理学类,广东,2023,物理类,601,26101
中国石油大学(北京)克拉玛依校区,哲学类,广东,2023,物理类,562,60986
山东大学威海分校,物理学类,广东,2023,物理类,613,18275
山东大学威海分校(中外合作办学),法学类,广东,2023,物理类,619,15346
山东大学威海分校(中外合作办学),经济学类,广东,2023,物理类,614,18103
电子科技大学(沙河校区),哲学类,广东,2023,物理类,643,5707
电子科技大学(沙河校区)(中外合作办学),数学类,广东,2023,物理类,627,11584
电子科技大学(沙河校区)(中外合作办学),物理学类,广东,2023,物理类,621,14462
西南大学(荣昌校区),数学类,广东,2023,物理类,589,35666
西南大学(荣昌校区),物理学类,广东,2023,物理类,577,46291
西南大学(荣昌校区),体育学类,广东,2023,物理类,571,51555
河北环境工程学院,物理学类,广东,2023,物理类,496,147683
河北环境工程学院,体育学类,广东,2023,物理类,492,153331
河北环境工程学院,法学类,广东,2023,物理类,492,153615
汕头大学医学院,外国语言文学类,广东,2023,物理类,606,22783
汕头大学医学院,中国语言文学类,广东,2023,物理类,594,31063
汕头大学医学院,艺术设计类,广东,2023,物理类,535,93852
汕头大学医学院,生物科学类,广东,2023,物理类,556,67206
华南师范大学(汕尾校区),物理学类,广东,2023,物理类,586,38080
华南师范大学(汕尾校区),体育学类,广东,2023,物理类,585,38747
广东工业大学(揭阳校区),其他类,广东,2023,物理类,566,56790
广东技术师范大学(河源校区),哲学类,广东,2023,物理类,518,116168
香港珠海学院,数学类,广东,2023,物理类,526,105138
陆军工程大学,哲学类,广东,2023,物理类,584,39714
陆军军医大学,其他类,广东,2023,物理类,637,7542
陆军军医大学,其他类,广东,2023,物理类,638,7276
陆军军医大学,其他类,广东,2023,物理类,618,15724
陆军军医大学,其他类,广东,2023,物理类,593,31885
陆军军医大学,其他类,广东,2023,物理类,588,36140
